run_id,code,model,p,AdjR2,chi2_red,AICc,RMSE,R2,params
May-20-2026Run2conc5_flow0.1,M01,Logistic (BA/Thomas/YN),2,0.2329251218246416,0.2077044484700211,-2980.965791836962,0.4557460350568297,0.2333294839111863,k_YN=0.103463;tau=1541.12
May-20-2026Run2conc5_flow0.1,M02,Clark,3,0.4502938086295658,0.1488465136164326,-3612.375289046375,0.385704560604715,0.4508733618097139,r=0.001674;A=29885.1;n=7.5332
May-20-2026Run2conc5_flow0.1,M04,Modified Dose-Response,2,0.3437564213807511,0.1776941396951131,-3277.153232697888,0.421537827122446,0.3441023589551418,a=1.70644;t50=2067.34
May-20-2026Run2conc5_flow0.1,M05,"Wolborska (early, C/C0<=0.15)",2,-0.0046826432409867,0.0014045663268739,-3748.3256229089793,0.0374775443015408,-0.0029200421124937,slope=1e-06;intercept=-3.13043
May-20-2026Run2conc5_flow0.1,M06,Gudermannian,2,0.2329144641827457,0.2077073342895088,-2980.939421446833,0.4557492010848827,0.2333188318874464,k=0.0867055;tau=1541.08
May-20-2026Run2conc5_flow0.1,M07,Error function,2,0.2329368629211723,0.2077012692784601,-2980.994843462036,0.4557425471452716,0.2333412188184199,k=0.0424625;tau=1541.19
May-20-2026Run2conc5_flow0.1,M14,Weibull,2,0.3823274492485253,0.1672500822789003,-3392.121859094203,0.4089622015283323,0.3826530541777565,tau=3453.47;k=1.24735
May-20-2026Run2conc5_flow0.1,M16,Klinkenberg,2,0.3200020902371308,0.1841262109170206,-3209.664726846759,0.4290993019302416,0.3203605498627305,K_fa=1;K=4121.66
May-20-2026Run2conc5_flow0.1,M23,Fractal-BA (fractal YN),3,0.3966578144753797,0.1633697823362169,-3435.6704078687253,0.4040836755415939,0.3972939158834183,k_YN0=0.00118776;tau=3177.44;h=0.0855681
May-20-2026conc5_flow1.5,M01,Logistic (BA/Thomas/YN),2,0.8929055210510742,0.0105651709215925,-1349.3731056995578,0.1027870172813307,0.893267326723199,k_YN=0.0913179;tau=2167.57
May-20-2026conc5_flow1.5,M02,Clark,3,0.7245062640837678,0.0271782302537854,-1067.719021445035,0.1645785546774086,0.726367708245364,r=0.00801402;A=665504;n=1.03138
May-20-2026conc5_flow1.5,M04,Modified Dose-Response,2,0.6975738636155683,0.0298351871489304,-1041.0497892181645,0.1727286517892454,0.6985955735357859,a=20;t50=2147.14
May-20-2026conc5_flow1.5,M05,"Wolborska (early, C/C0<=0.15)",2,-0.004487330094576,7.775104347304909e-05,-2325.610443886645,0.0088176552140038,-0.0003873818084756,slope=1e-06;intercept=-3.99354
May-20-2026conc5_flow1.5,M06,Gudermannian,2,0.892685709690235,0.0105868559292658,-1348.7641380974696,0.102892448358788,0.8930482579683086,k=0.0765346;tau=2167.58
May-20-2026conc5_flow1.5,M07,Error function,2,0.893161916403106,0.0105398768005108,-1350.0850071988607,0.1026639021297693,0.8935228558747171,k=0.0375028;tau=2167.56
May-20-2026conc5_flow1.5,M14,Weibull,2,0.6170774884400834,0.037776380482559,-970.9591023706606,0.194361468615976,0.6183711455737317,tau=2224.76;k=10
May-20-2026conc5_flow1.5,M16,Klinkenberg,2,-0.8156757826485634,0.1791215118664235,-508.7141353277028,0.4232274942231701,-0.8095417428423184,K_fa=1;K=10000
May-20-2026conc5_flow1.5,M23,Fractal-BA (fractal YN),3,-0.2022805502166726,0.1186083506209815,-630.1160733890434,0.3438114140273511,-0.1941570329854789,k_YN0=38.6978;tau=438879;h=0.815668
May-20-2026conc5_flow1.5(2),M01,Logistic (BA/Thomas/YN),2,-1836.667886114344,0.0233426475735993,-166.8463876064562,0.1527830081311378,-1794.9027068844723,k_YN=0.131838;tau=1
May-20-2026conc5_flow1.5(2),M02,Clark,3,-1100.6758722458176,0.0139938406827944,-188.6305232463796,0.1169119434761932,-1050.599696234644,r=1;A=1.00049e-06;n=9.99539
May-20-2026conc5_flow1.5(2),M04,Modified Dose-Response,2,-3328.0339892665256,0.0422864587008116,-140.10806917331655,0.2056367153521267,-3252.3741258741047,a=16.52;t50=1
May-20-2026conc5_flow1.5(2),M05,"Wolborska (early, C/C0<=0.15)",2,,inf,inf,inf,,slope=nan;intercept=nan
May-20-2026conc5_flow1.5(2),M06,Gudermannian,2,-1847.9532801024625,0.0234859982718317,-166.570880960737,0.1532514217612084,-1805.9316146455883,k=0.113842;tau=1
May-20-2026conc5_flow1.5(2),M07,Error function,2,-1821.0795252251853,0.023144639208086,-167.22973673053917,0.1521336228717572,-1779.668626924613,k=0.05104;tau=1
May-20-2026conc5_flow1.5(2),M14,Weibull,2,-3328.0339892665256,0.0422864587008116,-140.10806917331655,0.2056367153521267,-3252.3741258741047,tau=1.27678;k=1.5
May-20-2026conc5_flow1.5(2),M16,Klinkenberg,2,-1075.0554561717283,0.01366840193098,-190.93017677783243,0.1169119409255532,-1050.5996503496435,K_fa=1;K=1
May-20-2026conc5_flow1.5(2),M23,Fractal-BA (fractal YN),3,-1785.380494736145,0.0226911786596804,-166.87936995273566,0.148874030073702,-1704.1813813390477,k_YN0=4;tau=1;h=0.1
May-20-2026conc5_flow1.5(3),M01,Logistic (BA/Thomas/YN),2,0.5897799596199966,0.1232880304696395,-1804.4475404516372,0.3511239531413935,0.5902558529383028,k_YN=0.0977276;tau=1771.24
May-20-2026conc5_flow1.5(3),M02,Clark,3,0.5805400860558931,0.1260649933221894,-1784.213769177194,0.3548500759094165,0.5815133109142321,r=0.0106735;A=999511;n=1.01
May-20-2026conc5_flow1.5(3),M04,Modified Dose-Response,2,0.5152734397624993,0.1456803106758156,-1660.4204011663512,0.3816809016388109,0.5158357675585985,a=2.32982;t50=1886.54
May-20-2026conc5_flow1.5(3),M05,"Wolborska (early, C/C0<=0.15)",2,-0.0031382228421421,0.0004722913761424,-1789.9086270507296,0.0217322657848288,0.0011670914189828,slope=8.80717e-05;intercept=-4.13251
May-20-2026conc5_flow1.5(3),M06,Gudermannian,2,0.5897684762223196,0.1232914817039609,-1804.4233826033776,0.3511288676596684,0.590244382862433,k=0.0817562;tau=1771.21
May-20-2026conc5_flow1.5(3),M07,Error function,2,0.5897931188371455,0.1232840755824933,-1804.4752245855984,0.3511183213426684,0.5902689968895385,k=0.0402003;tau=1771.29
May-20-2026conc5_flow1.5(3),M14,Weibull,2,0.5062799073009226,0.1483832378734373,-1644.5551783052372,0.3852054489145205,0.5068526684293438,tau=3022.43;k=1.18629
May-20-2026conc5_flow1.5(3),M16,Klinkenberg,2,0.363593918012456,0.1912662588460144,-1425.4669988153476,0.4373399808455824,0.364332208130771,K_fa=1;K=4017.74
May-20-2026conc5_flow1.5(3),M23,Fractal-BA (fractal YN),3,0.5131725271735186,0.1463117215036347,-1655.6769694735574,0.3822849581014434,0.514302057272884,k_YN0=1.54505;tau=1906.92;h=0.95
May-22-2026-conc10-flow0.05,M01,Logistic (BA/Thomas/YN),2,-0.3056590598145663,1.3723938992178109,727.235511290035,1.1714921678004555,-0.3050889030198873,k_YN=0.223975;tau=477.417
May-22-2026-conc10-flow0.05,M02,Clark,3,-0.3072432343505222,1.3740590440748084,731.0176858175541,1.171946567108291,-0.3061015372026179,r=0.0406049;A=1e+06;n=1.01
May-22-2026-conc10-flow0.05,M04,Modified Dose-Response,2,-0.3069753875602536,1.3737775071007212,729.5440677921323,1.1720825513165536,-0.3064046559499653,a=20;t50=456.716
May-22-2026-conc10-flow0.05,M05,"Wolborska (early, C/C0<=0.15)",2,-0.0025387758702604,0.0005438100121736,-3899.257216571276,0.0233197343932914,-0.0006033728280399,slope=1e-06;intercept=-3.8916
May-22-2026-conc10-flow0.05,M06,Gudermannian,2,-0.3056631760107482,1.372398225800992,727.242733842138,1.1714940144110817,-0.3050930174186037,k=0.193414;tau=477.484
May-22-2026-conc10-flow0.05,M07,Error function,2,-0.3056530923904654,1.3723876267867592,727.2250404096361,1.1714894906855795,-0.3050829382016486,k=0.0868467;tau=477.371
May-22-2026-conc10-flow0.05,M14,Weibull,2,-0.3068775281150282,1.3736746458640157,729.3725233354633,1.17203867080571,-0.3063068392381221,tau=466.098;k=10
May-22-2026-conc10-flow0.05,M16,Klinkenberg,2,-0.3211744113786985,1.3887022713543005,754.2993386603565,1.1784321242032991,-0.320597479321328,K_fa=1;K=202.217
May-22-2026-conc10-flow0.05,M23,Fractal-BA (fractal YN),3,-0.3062299745563404,1.3729939945510412,729.2412158718341,1.1714922841928803,-0.3050891623514877,k_YN0=0.95148;tau=477.426;h=0.233834
May-22-2026-conc10-flow0.1,M01,Logistic (BA/Thomas/YN),2,-0.0107273966214007,7.431659492735043e-06,-4013.289164331377,0.0027261070215116,-0.0077458998762049,k_YN=4.53753e-06;tau=1e+06
May-22-2026-conc10-flow0.1,M02,Clark,3,-0.0064959430577558,7.400546531763125e-06,-4013.6871647410494,0.0027163673211995,-0.0005579138951732,r=1e-06;A=999955;n=4.04074
May-22-2026-conc10-flow0.1,M04,Modified Dose-Response,2,-4.143291868661717,3.781751040628464e-05,-3460.101327489883,0.0061495943285947,-4.128119916246786,a=0.688796;t50=1e+06
May-22-2026-conc10-flow0.1,M05,"Wolborska (early, C/C0<=0.15)",2,-0.0047087903129718,7.071716444467284e-06,-4018.309293242532,0.0026592699081641,-0.0017362790990282,slope=1e-06;intercept=-4.54128
May-22-2026-conc10-flow0.1,M06,Gudermannian,2,-0.0100341768834191,7.426562398242955e-06,-4013.522437492594,0.0027251719942497,-0.0070547250342056,k=4.09605e-06;tau=1e+06
May-22-2026-conc10-flow0.1,M07,Error function,2,-15.492565713373878,0.0001212662612619,-3063.927751251581,0.0110120961338883,-15.44391507705124,k=0.773956;tau=438879
May-22-2026-conc10-flow0.1,M14,Weibull,2,-4.165012232315815,3.797721553278583e-05,-3458.6685147790463,0.0061625656615395,-4.149776208031698,tau=1e+06;k=0.689985
May-22-2026-conc10-flow0.1,M16,Klinkenberg,2,-26318.895187961443,0.1935244850147,-556.3697177857413,0.4399141791471377,-26241.2553791474,K_fa=1;K=9832.43
May-22-2026-conc10-flow0.1,M23,Fractal-BA (fractal YN),3,-0.0137255609094324,7.453704344953761e-06,-4011.253688453455,0.0027261056408794,-0.0077448791341554,k_YN0=4.53752e-06;tau=1e+06;h=1.34148e-13
May-22-2026-conc10_flow-0.1(2),M01,Logistic (BA/Thomas/YN),2,-0.1798117098492042,1.0075448983068516,16.985565765205674,1.0037653601847654,-0.1792194348944606,k_YN=1;tau=357.632
May-22-2026-conc10_flow-0.1(2),M02,Clark,3,-0.1804044840558001,1.0080511202935614,18.991439893736604,1.0037653193678984,-0.1792193389914869,r=0.0438883;A=992960;n=1.30034
May-22-2026-conc10_flow-0.1(2),M04,Modified Dose-Response,2,-0.1798116558293598,1.0075448521745594,16.985474512041005,1.0037653372051454,-0.1792193809017348,a=20;t50=357.532
May-22-2026-conc10_flow-0.1(2),M05,"Wolborska (early, C/C0<=0.15)",2,0.0589774198153412,0.0005737282478186,-856.1962443575014,0.0239526250715583,0.0672320038520487,slope=0.00059978;intercept=-5.11503
May-22-2026-conc10_flow-0.1(2),M06,Gudermannian,2,-0.1798117098492042,1.0075448983068516,16.985565765205674,1.0037653601847654,-0.1792194348944606,k=1;tau=357.632
May-22-2026-conc10_flow-0.1(2),M07,Error function,2,-0.1798117098492042,1.0075448983068516,16.985565765205674,1.0037653601847654,-0.1792194348944606,k=1;tau=357.632
May-22-2026-conc10_flow-0.1(2),M14,Weibull,2,-0.1798114786055633,1.0075447008275853,16.985175136245523,1.0037652618155228,-0.179219203766906,tau=477.005;k=8.13496
May-22-2026-conc10_flow-0.1(2),M16,Klinkenberg,2,-0.1838716448033537,1.011012033542383,23.832048230792733,1.0054909415516298,-0.1832773317286531,K_fa=1;K=153.158
May-22-2026-conc10_flow-0.1(2),M23,Fractal-BA (fractal YN),3,-0.1804044392575627,1.0080510820364097,18.991364256199205,1.003765300320649,-0.1792192942382278,k_YN0=0.465419;tau=362.204;h=0.355187
