05/29/26 10:40:19.855,0
05/29/26 10:40:39.635,0
05/29/26 10:40:59.476,10
05/29/26 10:41:19.404,10
05/29/26 10:41:39.328,10
05/29/26 10:42:01.204,0
05/29/26 10:42:25.276,0
05/29/26 10:42:48.624,0
05/29/26 10:43:04.378,0
05/29/26 10:43:19.040,410
05/29/26 10:43:33.738,3590
05/29/26 10:43:48.444,8770
05/29/26 10:44:03.252,14060
05/29/26 10:44:18.063,18720
05/29/26 10:44:33.147,23140
05/29/26 10:44:48.652,27230
05/29/26 10:45:04.696,30690
05/29/26 10:45:21.434,34410
05/29/26 10:45:38.735,37430
05/29/26 10:45:57.233,40790
05/29/26 10:46:17.037,43960
05/29/26 10:46:37.503,46480
05/29/26 10:46:58.482,49020
05/29/26 10:47:19.033,51070
05/29/26 10:47:39.587,53570
05/29/26 10:48:00.236,55450
05/29/26 10:48:20.997,57710
05/29/26 10:48:41.601,59460
05/29/26 10:49:02.256,60850
05/29/26 10:49:23.030,62620
05/29/26 10:49:43.729,64110
05/29/26 10:50:04.574,65700
05/29/26 10:50:25.521,66860
05/29/26 10:50:46.401,67560
05/29/26 10:51:07.278,68930
05/29/26 10:51:28.177,70470
05/29/26 10:51:49.147,71400
05/29/26 10:52:10.130,71990
05/29/26 10:52:31.102,73620
05/29/26 10:52:52.275,74600
05/29/26 10:53:13.385,74950
05/29/26 10:53:34.603,75400
05/29/26 10:53:55.725,76770
05/29/26 10:54:16.930,76870
05/29/26 10:54:38.196,78710
05/29/26 10:54:59.542,78520
05/29/26 10:55:21.316,79680
05/29/26 10:55:42.847,80070
05/29/26 10:56:04.396,81230
05/29/26 10:56:25.897,81430
05/29/26 10:56:47.385,81920
05/29/26 10:57:09.022,82430
05/29/26 10:57:30.586,83440
05/29/26 10:57:53.697,84050
05/29/26 10:58:20.687,83950
05/29/26 10:58:46.894,84860
05/29/26 10:59:13.252,85070
05/29/26 10:59:39.644,85710
05/29/26 11:00:06.399,85920
05/29/26 11:00:33.002,86450
05/29/26 11:00:59.637,87620
05/29/26 11:01:26.321,87840
05/29/26 11:01:53.303,87840
05/29/26 11:02:20.474,88600
05/29/26 11:02:47.065,88370
05/29/26 11:03:13.844,88930
05/29/26 11:03:40.823,89830
05/29/26 11:04:07.582,90050
05/29/26 11:04:34.470,90610
05/29/26 11:05:01.426,91050
05/29/26 11:05:28.774,90610
05/29/26 11:05:55.927,90950
05/29/26 11:06:22.998,91500
05/29/26 11:06:50.236,91280
05/29/26 11:07:17.542,91730
05/29/26 11:07:45.132,91390
05/29/26 11:08:12.414,91730
05/29/26 11:08:39.843,91730
05/29/26 11:09:07.479,93000
05/29/26 11:09:31.464,92540
05/29/26 11:09:54.230,93350
05/29/26 11:10:17.197,93240
05/29/26 11:10:40.273,94060
05/29/26 11:11:03.286,93820
05/29/26 11:11:26.586,93590
05/29/26 11:11:49.657,93590
05/29/26 11:12:12.883,94290
05/29/26 11:12:36.208,93590
05/29/26 11:12:59.523,94170
05/29/26 11:13:22.873,94410
05/29/26 11:13:46.606,94290
05/29/26 11:14:10.042,94760
05/29/26 11:14:33.712,95460
05/29/26 11:14:57.269,94990
05/29/26 11:15:21.267,95350
05/29/26 11:15:45.174,95350
05/29/26 11:16:08.791,95580
05/29/26 11:16:32.527,96320
05/29/26 11:16:56.409,96320
05/29/26 11:17:24.609,95580
05/29/26 11:17:53.732,96200
05/29/26 11:18:21.306,95840
05/29/26 11:18:45.416,95950
05/29/26 11:19:09.358,95950
05/29/26 11:19:33.449,95960
05/29/26 11:19:57.409,96320
05/29/26 11:20:21.448,96820
05/29/26 11:20:45.591,96330
05/29/26 11:21:09.821,96450
05/29/26 11:21:34.028,96820
05/29/26 11:21:58.304,96080
05/29/26 11:22:22.446,96820
05/29/26 11:22:46.698,97190
05/29/26 11:23:11.120,96580
05/29/26 11:23:35.482,97320
05/29/26 11:23:59.931,96820
05/29/26 11:24:24.434,97320
05/29/26 11:24:48.882,97440
05/29/26 11:25:13.695,97320
05/29/26 11:25:38.246,97810
05/29/26 11:26:02.825,97810
05/29/26 11:26:27.458,97190
05/29/26 11:26:52.157,98060
05/29/26 11:27:16.813,97570
05/29/26 11:27:41.388,97320
05/29/26 11:28:06.104,97440
05/29/26 11:28:30.966,97440
05/29/26 11:28:55.770,97570
05/29/26 11:29:20.667,98060
05/29/26 11:29:45.688,98060
05/29/26 11:30:10.527,97810
05/29/26 11:30:35.557,98060
05/29/26 11:31:00.772,98920
05/29/26 11:31:25.878,98310
05/29/26 11:31:50.949,98550
05/29/26 11:32:16.004,98920
05/29/26 11:32:41.283,98180
05/29/26 11:33:06.692,99050
05/29/26 11:33:31.992,98800
05/29/26 11:33:57.355,98800
05/29/26 11:34:22.560,99050
05/29/26 11:34:47.863,98310
05/29/26 11:35:13.641,98800
05/29/26 11:35:39.106,98800
05/29/26 11:36:04.619,98800
05/29/26 11:36:30.084,98920
05/29/26 11:36:55.517,99290
05/29/26 11:37:21.090,99800
05/29/26 11:37:46.630,99420
05/29/26 11:38:12.277,99290
05/29/26 11:38:37.882,98180
05/29/26 11:39:03.468,98930
05/29/26 11:39:29.159,98930
05/29/26 11:39:54.779,99670
05/29/26 11:40:20.448,98930
05/29/26 11:40:46.190,99180
05/29/26 11:41:12.091,100060
05/29/26 11:41:37.935,99170
05/29/26 11:42:03.748,99170
05/29/26 11:42:29.630,99670
05/29/26 11:42:55.656,99550
05/29/26 11:43:21.566,100060
05/29/26 11:43:47.387,98930
05/29/26 11:44:13.483,99060
05/29/26 11:44:39.436,100190
05/29/26 11:45:05.609,99430
05/29/26 11:45:31.913,100060
05/29/26 11:45:58.083,100060
05/29/26 11:46:24.327,100060
05/29/26 11:46:50.479,99680
05/29/26 11:47:16.792,100450
05/29/26 11:47:42.906,99680
05/29/26 11:48:09.140,100320
05/29/26 11:48:35.354,100060
05/29/26 11:49:01.639,99930
05/29/26 11:49:27.836,100580
05/29/26 11:49:54.167,100450
05/29/26 11:50:20.478,100450
05/29/26 11:50:46.875,100450
05/29/26 11:51:13.256,99680
05/29/26 11:51:39.821,100320
05/29/26 11:52:06.368,100330
05/29/26 11:52:32.949,99940
05/29/26 11:52:59.699,100970
05/29/26 11:53:26.125,100710
05/29/26 11:53:52.727,100460
05/29/26 11:54:19.284,101110
05/29/26 11:54:46.029,100070
05/29/26 11:55:13.123,100460
05/29/26 11:55:39.712,100200
05/29/26 11:56:06.544,100590
05/29/26 11:56:33.363,100980
05/29/26 11:57:00.014,100980
05/29/26 11:57:27.049,100850
05/29/26 11:57:53.918,100330
05/29/26 11:58:20.713,100070
05/29/26 11:58:47.739,100200
05/29/26 11:59:14.824,100720
05/29/26 11:59:41.921,101240
05/29/26 12:00:08.921,100460
05/29/26 12:00:36.334,101240
05/29/26 12:01:03.527,100460
05/29/26 12:01:30.691,100980
05/29/26 12:01:57.857,100980
05/29/26 12:02:25.017,100330
05/29/26 12:02:52.139,100590
05/29/26 12:03:19.534,100590
05/29/26 12:03:46.751,100460
05/29/26 12:04:14.021,100720
05/29/26 12:04:41.345,100720
05/29/26 12:05:08.935,101110
05/29/26 12:05:36.485,100980
05/29/26 12:06:04.014,100980
05/29/26 12:06:31.670,100470
05/29/26 12:06:59.087,101240
05/29/26 12:07:26.557,101110
05/29/26 12:07:54.154,101500
05/29/26 12:08:21.825,101370
05/29/26 12:08:49.515,100850
05/29/26 12:09:17.173,100470
05/29/26 12:09:44.804,101370
05/29/26 12:10:12.529,101750
05/29/26 12:10:40.385,101370
05/29/26 12:11:08.249,101110
05/29/26 12:11:36.144,101370
05/29/26 12:12:04.184,101370
05/29/26 12:12:32.159,100730
05/29/26 12:13:00.061,100600
05/29/26 12:13:28.463,101370
05/29/26 12:13:56.371,102140
05/29/26 12:14:24.528,101880
05/29/26 12:14:52.867,101630
05/29/26 12:15:21.564,102530
05/29/26 12:15:49.708,102010
05/29/26 12:16:18.088,101370
05/29/26 12:16:46.413,102270
05/29/26 12:17:14.711,101760
05/29/26 12:17:43.087,101240
05/29/26 12:18:11.586,101750
05/29/26 12:18:40.017,102140
05/29/26 12:19:08.953,101370
05/29/26 12:19:37.588,101370
05/29/26 12:20:06.263,101630
05/29/26 12:20:34.985,101750
05/29/26 12:21:04.050,102010
05/29/26 12:21:32.724,102010
05/29/26 12:22:01.451,101630
05/29/26 12:22:30.102,102010
05/29/26 12:22:58.764,102010
05/29/26 12:23:27.710,101880
05/29/26 12:23:56.422,101890
05/29/26 12:24:25.125,101760
05/29/26 12:24:54.107,102140
05/29/26 12:25:23.267,102400
05/29/26 12:25:52.197,102270
05/29/26 12:26:21.231,102660
05/29/26 12:26:50.433,101630
05/29/26 12:27:19.489,102270
05/29/26 12:27:48.518,102010
05/29/26 12:28:17.803,101890
05/29/26 12:28:46.786,102280
05/29/26 12:29:15.764,101760
05/29/26 12:29:40.266,101380
05/29/26 12:30:01.544,102410
05/29/26 12:30:22.865,102020
05/29/26 12:30:44.345,101380
05/29/26 12:31:07.014,100730
05/29/26 12:31:30.900,102670
05/29/26 12:31:56.374,102280
05/29/26 12:32:24.376,101640
05/29/26 12:32:53.825,102150
05/29/26 12:33:23.736,102280
05/29/26 12:33:53.156,102020
05/29/26 12:34:22.823,102670
05/29/26 12:34:52.329,101640
05/29/26 12:35:22.131,102800
05/29/26 12:35:51.653,102540
05/29/26 12:36:21.295,102150
05/29/26 12:36:51.099,102410
05/29/26 12:37:20.794,102020
05/29/26 12:37:50.535,103310
05/29/26 12:38:20.388,102670
05/29/26 12:38:50.189,102410
05/29/26 12:39:20.509,102670
05/29/26 12:39:50.412,102410
