run_id,fmt,code,name,converged,n,p,RSS,R2,AdjR2,RMSE,chi2_red,AIC,AICc,W_AICc,AAD,params,stderr,message,t_b,t_E,t50,q_dyn_mol_per_kg,L_MTZ_m,efficiency
50ml_6g,B,M01,Yoon-Nelson / Thomas / BA (logistic),True,796,2,8.389865823513649,0.9213011343174171,0.9212020173581191,0.10279387939806946,0.010566581641704847,-3619.8494277066984,-3619.8342952981234,9.85967654375977e-305,0.2935700867337546,k_YN=0.000927188;tau=8017.27,k_YN=2.83064e-05;tau=37.972,converged,6741.358620689655,,7328.5,0.0030140835440103843,,0.7651008045779553
50ml_6g,B,M02,Clark,True,796,3,6.031984596118293,0.9434186010223325,0.943275898881153,0.08716052965431094,0.0076065379522298774,-3880.4883946333807,-3880.4580916030777,9.85967654375977e-305,0.28069452709189624,r=0.000593612;A=0.795314;n=1.01,r=3.1735e-05;A=9.35428;n=0.114833,converged,6741.358620689655,,7328.5,0.0030140835440103843,,0.7651008045779553
50ml_6g,B,M03,Fractal Clark,True,796,4,4.728717419141932,0.9556435460532684,0.9554755291822581,0.07717229749190285,0.005970602801946884,-4072.2523623681805,-4072.201793468054,9.85967654375977e-305,0.27725833919612214,r=0.526562;A0=1e+06;n=1.01;h=0.761633,r=2.43727;A0=7.18597e+07;n=0.308332;h=0.501028,converged,6741.358620689655,,7328.5,0.0030140835440103843,,0.7651008045779553
50ml_6g,B,M04,Modified Dose-Response (Yan),True,796,2,6.408175199024519,0.9398898468858607,0.9398141414033493,0.08983735092341982,0.00807074962093768,-3834.3316100811453,-3834.3164776725703,9.85967654375977e-305,0.2972573283217385,a=6.31067;t50=8018.15,a=0.159316;t50=36.1716,converged,6741.358620689655,,7328.5,0.0030140835440103843,,0.7651008045779553
50ml_6g,B,M05,"Wolborska (linearised, early)",True,11,2,9.772168540000001,-457.02411645505026,-507.91568495005583,1.042015597025517,1.0857965044444446,2.6980744045393488,4.198074404539349,9.85967654375977e-305,38.25073465810752,slope=0.0153671;intercept=-50,slope=0;intercept=0,converged,6741.358620689655,,7328.5,0.0030140835440103843,,0.7651008045779553
50ml_6g,B,M06,Gudermannian (Hu 2021),True,796,2,8.212940216741696,0.922960737087718,0.9228637103082314,0.10170424485531092,0.010343753421589039,-3636.8150073703746,-3636.7998749617996,9.85967654375977e-305,0.291210260778523,k=0.000764515;tau=7992.89,k=2.37755e-05;tau=37.5211,converged,6741.358620689655,,7328.5,0.0030140835440103843,,0.7651008045779553
50ml_6g,B,M07,Error-Function (Hu 2021),True,796,2,8.71066441249743,0.9182919699759755,0.9181890631371543,0.10474068021216296,0.010970610091306586,-3589.9806885880557,-3589.9655561794807,9.85967654375977e-305,0.2963811246728161,k=0.000391929;tau=8043.8,k=1.16626e-05;tau=38.4678,converged,6741.358620689655,,7328.5,0.0030140835440103843,,0.7651008045779553
50ml_6g,B,M08,Tanh (Hu 2019),True,796,2,8.389865814213358,0.921301134404656,0.9212020174454679,0.10279387934109518,0.010566581629991635,-3619.8494285890756,-3619.8342961805006,9.85967654375977e-305,0.29356154721337585,k=0.000463661;tau=8017.14,k=1.41565e-05;tau=37.9691,converged,6741.358620689655,,7328.5,0.0030140835440103843,,0.7651008045779553
50ml_6g,B,M09,Log-Normal (Chu-Hashim),True,796,2,6.704552879198778,0.9371097562701111,0.9370305494140281,0.09189135573293469,0.008444021258436749,-3798.3426353899445,-3798.3275029813694,9.85967654375977e-305,0.30374427403967275,a=0.273712;b=8.9962,a=0.00659087;b=0.00465169,converged,6741.358620689655,,7328.5,0.0030140835440103843,,0.7651008045779553
50ml_6g,B,M10,Fractal Gudermannian (Hu 2024),True,796,3,5.073101049292317,0.952413148616336,0.9522931313366798,0.07993307220327706,0.006397353151692708,-4018.29493910052,-4018.264636070217,9.85967654375977e-305,0.2890465622457869,k0=1;tau0=7938.55;h=0.819755,k0=0.780989;tau0=38.3173;h=0.0859914,converged,6741.358620689655,,7328.5,0.0030140835440103843,,0.7651008045779553
50ml_6g,B,M11,Fractal Error-Function (Hu 2024),True,796,3,5.130731378022416,0.9518725629150412,0.9517511822414347,0.08038580913228348,0.0064700269584141434,-4009.303370534676,-4009.273067504373,9.85967654375977e-305,0.2959274198022172,k0=1;tau0=7992;h=0.897648,k0=0.733868;tau0=40.9795;h=0.0804822,converged,6741.358620689655,,7328.5,0.0030140835440103843,,0.7651008045779553
50ml_6g,B,M12,Gompertz (Chu 2020),True,796,2,6.006984170372599,0.9436531107498008,0.943582144894322,0.08697971744792377,0.007565471247320653,-3885.7943866806277,-3885.7792542720526,9.85967654375977e-305,0.2804652682186561,alpha_G=4.35202;beta_G=0.00059108,alpha_G=0.113628;beta_G=1.45119e-05,converged,6741.358620689655,,7328.5,0.0030140835440103843,,0.7651008045779553
50ml_6g,B,M13,Log-Gompertz (Chu 2020),True,796,2,4.322329219001108,0.9594555605777718,0.9594044970520511,0.0737817021390152,0.005443739570530362,-4147.780587227734,-4147.765454819159,9.85967654375977e-305,0.26980896350684197,alpha_G=40.4919;beta_G=4.5522,alpha_G=0.833166;beta_G=0.0928863,converged,6741.358620689655,,7328.5,0.0030140835440103843,,0.7651008045779553
50ml_6g,B,M14,Weibull (Chu 2021),True,796,2,9.590694023769291,0.9100370903830174,0.9099237869704015,0.10990432078707886,0.012078959727669134,-3513.36952031186,-3513.354387903285,9.85967654375977e-305,0.3187721450561355,tau=8827.01;k=4.56074,tau=47.3914;k=0.139734,converged,6741.358620689655,,7328.5,0.0030140835440103843,,0.7651008045779553
50ml_6g,B,M15,Avrami (Singh),True,796,2,18.15731055368801,0.8296802625356894,0.8294657540502179,0.1512221852505433,0.022868149311949634,-3005.298633038465,-3005.28350062989,9.85967654375977e-305,0.4328994359886584,k=2.54271e-08;n=1.89236,k=4.61251e-09;n=0.0157642,converged,6741.358620689655,,7328.5,0.0030140835440103843,,0.7651008045779553
50ml_6g,B,M16,Klinkenberg,True,796,2,134.2766899671639,-0.2595461489278086,-0.2611324790901861,0.41123499255562085,0.16911421910222152,-1412.6385447557448,-1412.6234123471697,9.85967654375977e-305,0.7259342739047443,K_fa=1;K=10000,K_fa=0.0844967;K=735.668,converged,6741.358620689655,,7328.5,0.0030140835440103843,,0.7651008045779553
50ml_6g,B,M17,Dima (wave erf),True,796,2,8.710664375513261,0.9182919703228956,0.9181890634845113,0.10474067998980639,0.010970610044727028,-3589.980691967752,-3589.965559559177,9.85967654375977e-305,0.2963860351504768,v_d=0.000124321;sigma_a=0.224284,v_d=5.94565e-07;sigma_a=0.00668407,converged,6741.358620689655,,7328.5,0.0030140835440103843,,0.7651008045779553
50ml_6g,B,M18,Chern-Chien Langmuir,True,2,4,0.4288698701876221,-9306.071835668996,-9306.071835668996,0.6548815695892061,0.4288698701876221,4.920502160950441,inf,,0.9172023072063257,K_fa=0.000545814;K_L=1;q0=1;t12=7328.5,K_fa=0;K_L=0;q0=0;t12=0,converged,6741.358620689655,,7328.5,0.0030140835440103843,,0.7651008045779553
50ml_6g,B,M19,Chern-Chien Freundlich,True,2,4,0.4288698701876221,-9306.071835668996,-9306.071835668996,0.6548815695892061,0.4288698701876221,4.920502160950441,inf,,0.9172023072063257,K_fa=0.000545814;n=2;q0=1;t12=7328.5,K_fa=0;n=0;q0=0;t12=0,converged,6741.358620689655,,7328.5,0.0030140835440103843,,0.7651008045779553
50ml_6g,B,M20,Log-modified Bohart-Adams,True,796,2,6.4081751989077596,0.939889846886956,0.9398141414044459,0.0898373509226014,0.00807074962079063,-3834.3316100956486,-3834.3164776870735,9.85967654375977e-305,0.2972572613687039,k_BA=6.31067;log_a0_C0=8.98946,k_BA=0.159316;log_a0_C0=0.00451121,converged,6741.358620689655,,7328.5,0.0030140835440103843,,0.7651008045779553
50ml_6g,B,M21,Log-modified Yoon-Nelson,True,796,2,6.408175199232604,0.9398898468839089,0.9398141414013949,0.08983735092487842,0.008070749621199753,-3834.3316100552975,-3834.3164776467224,9.85967654375977e-305,0.29725735917361185,k_YN=6.31067;tau=8018.15,k_YN=0.159316;tau=36.1716,converged,6741.358620689655,,7328.5,0.0030140835440103843,,0.7651008045779553
50ml_6g,B,M22,n-Order Bohart-Adams,True,796,3,503.978970235393,-3.7274383309256622,-3.739361252315134,0.7967020895165529,0.6355346409021349,-357.8234569161187,-357.7931538858157,9.85967654375977e-305,1.2422106143065237,k_n=0.997987;a0=8644.97;n=1.37563,k_n=6.08103;a0=0.000156004;n=0.0886279,converged,6741.358620689655,,7328.5,0.0030140835440103843,,0.7651008045779553
50ml_6g,B,M23,Fractal Yoon-Nelson (Hu 2024),True,796,3,6.508167688621719,0.9389518943996574,0.9387979269202115,0.09053554410492579,0.008207021044920201,-3820.006819305036,-3819.976516274733,9.85967654375977e-305,0.297563925666491,k_YN0=4.04107;tau=8021.48;h=0.95,k_YN0=6.86346;tau=43.4778;h=0.188698,converged,6741.358620689655,,7328.5,0.0030140835440103843,,0.7651008045779553
50ml_6g,B,M24,Parallel two-component sigmoidal (Blagojev),True,796,5,0.35764833426433745,0.9966451765961519,0.9966282116231868,0.021223541366640085,0.00045214707239486405,-6125.412197112486,-6125.3362477453975,0.5,0.12912930137450968,p=0.241506;tau1=16198.3;k1=5.75336;tau2=7219.93;k2=20,p=0.00718423;tau1=409.086;k1=1.17978;tau2=7.69286;k2=0.405141,converged,6741.358620689655,,7328.5,0.0030140835440103843,,0.7651008045779553
