Raw data,,,C0,40300,time (s),time (mins),CO2,C/C0,C (%),1-C/C0,Integration,,Unit conversion,,,
35:07.0,0,3948280506.97,,0.0403,0,0.0,0,0.0000,0.00,1.0000,,,P,101325,Pa,
35:17.5,0,3948280517.45,,,10,0.2,0,0.0000,0.00,1.0000,0.1747,,R,8.314,J/molK,
35:28.1,0,3948280528.07,,,21,0.4,0,0.0000,0.00,1.0000,0.1769,,v,50,ml/min,
35:38.9,0,3948280538.91,,,32,0.5,0,0.0000,0.00,1.0000,0.1808,,T,296.15,K,
35:49.7,0,3948280549.70,,,43,0.7,0,0.0000,0.00,1.0000,0.1797,,PV/RT,2057.618517,,
36:00.5,0,3948280560.52,,,54,0.9,0,0.0000,0.00,1.0000,0.1803,,,,,
36:11.5,0,3948280571.51,,,65,1.1,0,0.0000,0.00,1.0000,0.1833,,,,,
36:21.9,0,3948280581.87,,,75,1.2,0,0.0000,0.00,1.0000,0.1726,,,,,
36:32.1,0,3948280592.09,,,85,1.4,0,0.0000,0.00,1.0000,0.1703,,,,,
36:43.3,0,3948280603.25,,,96,1.6,0,0.0000,0.00,1.0000,0.1860,,,,,
36:53.7,0,3948280613.69,,,107,1.8,0,0.0000,0.00,1.0000,0.1740,,,,,
37:04.4,0,3948280624.36,,,117,2.0,0,0.0000,0.00,1.0000,0.1778,,,,,
37:14.9,0,3948280634.93,,,128,2.1,0,0.0000,0.00,1.0000,0.1761,,,,,
37:25.6,0,3948280645.55,,,139,2.3,0,0.0000,0.00,1.0000,0.1771,,,,,
37:36.4,0,3948280656.42,,,149,2.5,0,0.0000,0.00,1.0000,0.1811,,,,,
37:47.3,0,3948280667.34,,,160,2.7,0,0.0000,0.00,1.0000,0.1820,,,,,
37:57.9,0,3948280677.86,,,171,2.8,0,0.0000,0.00,1.0000,0.1752,,,,,
38:08.8,0,3948280688.84,,,182,3.0,0,0.0000,0.00,1.0000,0.1831,,,,,
38:19.9,0,3948280699.90,,,193,3.2,0,0.0000,0.00,1.0000,0.1844,,,,,
38:30.9,0,3948280710.88,,,204,3.4,0,0.0000,0.00,1.0000,0.1830,,,,,
38:41.9,0,3948280721.91,,,215,3.6,0,0.0000,0.00,1.0000,0.1839,,,,,
38:52.9,0,3948280732.94,,,226,3.8,0,0.0000,0.00,1.0000,0.1837,,,,,
39:04.1,0,3948280744.06,,,237,4.0,0,0.0000,0.00,1.0000,0.1854,,,,,
39:14.9,0,3948280754.88,,,248,4.1,0,0.0000,0.00,1.0000,0.1803,,,,,
39:25.8,0,3948280765.81,,,259,4.3,0,0.0000,0.00,1.0000,0.1821,,,,,
39:36.8,0,3948280776.85,,,270,4.5,0,0.0000,0.00,1.0000,0.1840,,,,,
39:47.9,0,3948280787.87,,,281,4.7,0,0.0000,0.00,1.0000,0.1837,,,,,
39:58.8,0,3948280798.83,,,292,4.9,0,0.0000,0.00,1.0000,0.1827,,,,,
40:09.9,0,3948280809.87,,,303,5.0,0,0.0000,0.00,1.0000,0.1840,,,,,
40:21.0,0,3948280820.95,,,314,5.2,0,0.0000,0.00,1.0000,0.1848,,,,,
40:32.0,0,3948280832.04,,,325,5.4,0,0.0000,0.00,1.0000,0.1848,,,,,
40:43.3,0,3948280843.29,,,336,5.6,0,0.0000,0.00,1.0000,0.1875,,,,,
40:54.5,0,3948280854.49,,,348,5.8,0,0.0000,0.00,1.0000,0.1867,,,,,
41:05.8,0,3948280865.81,,,359,6.0,0,0.0000,0.00,1.0000,0.1887,,,,,
41:17.9,0,3948280877.87,,,371,6.2,0,0.0000,0.00,1.0000,0.2010,,,,,
41:29.5,0,3948280889.55,,,383,6.4,0,0.0000,0.00,1.0000,0.1945,,,,,
41:41.5,400,3948280901.46,,,394,6.6,400,0.0099,0.04,0.9901,0.1965,,,,,
41:53.1,700,3948280913.06,,,406,6.8,700,0.0174,0.07,0.9826,0.1901,,,,,
42:04.7,1600,3948280924.71,,,418,7.0,1600,0.0397,0.16,0.9603,0.1863,time,0.05,2015,0.002015,0.95
42:16.1,3000,3948280936.07,,,429,7.2,3000,0.0744,0.30,0.9256,0.1753,7.02,0.95,0.05,,
42:27.4,4700,3948280947.42,,,440,7.3,4700,0.1166,0.47,0.8834,0.1671,39.88,7.00,,,
42:38.9,6200,3948280958.90,,,452,7.5,6200,0.1538,0.62,0.8462,0.1618,,,,,
42:50.4,7700,3948280970.37,,,463,7.7,7700,0.1911,0.77,0.8089,0.1547,,,,,
43:01.9,9100,3948280981.91,,,475,7.9,9100,0.2258,0.91,0.7742,0.1489,,,,,
43:13.6,10200,3948280993.58,,,487,8.1,10200,0.2531,1.02,0.7469,0.1453,,,,,
43:25.2,11300,3948281005.22,,,498,8.3,11300,0.2804,1.13,0.7196,0.1396,,,,,
43:36.8,12600,3948281016.79,,,510,8.5,12600,0.3127,1.26,0.6873,0.1326,,,,,
43:48.8,13700,3948281028.77,,,522,8.7,13700,0.3400,1.37,0.6600,0.1318,,,,,
44:01.0,15000,3948281041.01,,,534,8.9,15000,0.3722,1.50,0.6278,0.1280,,,,,
44:14.8,16200,3948281054.81,,,548,9.1,16200,0.4020,1.62,0.5980,0.1376,,,,,
44:27.6,17100,3948281067.56,,,561,9.3,17100,0.4243,1.71,0.5757,0.1223,,,,,
44:39.7,18100,3948281079.71,,,573,9.5,18100,0.4491,1.81,0.5509,0.1116,,,,,
44:51.9,18800,3948281091.94,,,585,9.7,18800,0.4665,1.88,0.5335,0.1087,,,,,
45:04.3,19600,3948281104.27,,,597,10.0,19600,0.4864,1.96,0.5136,0.1056,,,,,
45:16.4,20400,3948281116.38,,,609,10.2,20400,0.5062,2.04,0.4938,0.0996,,,,,
45:28.2,20900,3948281128.17,,,621,10.4,20900,0.5186,2.09,0.4814,0.0947,,,,,
45:40.1,21400,3948281140.13,,,633,10.6,21400,0.5310,2.14,0.4690,0.0934,,,,,
45:52.3,22000,3948281152.29,,,645,10.8,22000,0.5459,2.20,0.4541,0.0920,,,,,
46:04.7,22600,3948281164.70,,,658,11.0,22600,0.5608,2.26,0.4392,0.0908,,,,,
46:17.0,23200,3948281177.01,,,670,11.2,23200,0.5757,2.32,0.4243,0.0871,,,,,
46:29.3,23800,3948281189.30,,,682,11.4,23800,0.5906,2.38,0.4094,0.0839,,,,,
46:41.8,24200,3948281201.79,,,695,11.6,24200,0.6005,2.42,0.3995,0.0831,,,,,
46:54.2,24600,3948281214.21,,,707,11.8,24600,0.6104,2.46,0.3896,0.0807,,,,,
47:07.2,25000,3948281227.23,,,720,12.0,25000,0.6203,2.50,0.3797,0.0824,,,,,
47:19.9,25300,3948281239.88,,,733,12.2,25300,0.6278,2.53,0.3722,0.0785,,,,,
47:32.6,25800,3948281252.63,,,746,12.4,25800,0.6402,2.58,0.3598,0.0764,,,,,
47:46.0,26000,3948281266.01,,,759,12.7,26000,0.6452,2.60,0.3548,0.0791,,,,,
47:58.9,26500,3948281278.88,,,772,12.9,26500,0.6576,2.65,0.3424,0.0734,,,,,
48:11.7,26700,3948281291.71,,,785,13.1,26700,0.6625,2.67,0.3375,0.0722,,,,,
48:24.2,27000,3948281304.22,,,797,13.3,27000,0.6700,2.70,0.3300,0.0688,,,,,
48:36.7,27500,3948281316.73,,,810,13.5,27500,0.6824,2.75,0.3176,0.0662,,,,,
48:49.4,27500,3948281329.43,,,822,13.7,27500,0.6824,2.75,0.3176,0.0672,,,,,
49:02.2,27900,3948281342.24,,,835,13.9,27900,0.6923,2.79,0.3077,0.0657,,,,,
49:15.0,28200,3948281355.02,,,848,14.1,28200,0.6998,2.82,0.3002,0.0640,,,,,
49:27.9,28500,3948281367.92,,,861,14.3,28500,0.7072,2.85,0.2928,0.0629,,,,,
49:40.8,28500,3948281380.77,,,874,14.6,28500,0.7072,2.85,0.2928,0.0627,,,,,
49:53.8,28700,3948281393.76,,,887,14.8,28700,0.7122,2.87,0.2878,0.0623,,,,,
50:06.7,28700,3948281406.66,,,900,15.0,28700,0.7122,2.87,0.2878,0.0619,,,,,
50:19.6,29000,3948281419.60,,,913,15.2,29000,0.7196,2.90,0.2804,0.0605,,,,,
50:32.6,29100,3948281432.62,,,926,15.4,29100,0.7221,2.91,0.2779,0.0603,,,,,
50:45.6,29400,3948281445.63,,,939,15.6,29400,0.7295,2.94,0.2705,0.0587,,,,,
50:58.8,29600,3948281458.78,,,952,15.9,29600,0.7345,2.96,0.2655,0.0582,,,,,
51:12.0,29700,3948281471.98,,,965,16.1,29700,0.7370,2.97,0.2630,0.0578,,,,,
51:25.0,29700,3948281484.99,,,978,16.3,29700,0.7370,2.97,0.2630,0.0571,,,,,
51:38.3,30000,3948281498.31,,,991,16.5,30000,0.7444,3.00,0.2556,0.0567,,,,,
51:51.3,30100,3948281511.29,,,1004,16.7,30100,0.7469,3.01,0.2531,0.0548,,,,,
52:04.5,30300,3948281524.47,,,1017,17.0,30300,0.7519,3.03,0.2481,0.0545,,,,,
52:17.8,30300,3948281537.78,,,1031,17.2,30300,0.7519,3.03,0.2481,0.0550,,,,,
52:30.8,30700,3948281550.84,,,1044,17.4,30700,0.7618,3.07,0.2382,0.0519,,,,,
52:44.2,30600,3948281564.18,,,1057,17.6,30600,0.7593,3.06,0.2407,0.0535,,,,,
52:57.7,30700,3948281577.71,,,1071,17.8,30700,0.7618,3.07,0.2382,0.0537,,,,,
53:11.2,31000,3948281591.17,,,1084,18.1,31000,0.7692,3.10,0.2308,0.0518,,,,,
53:24.5,30900,3948281604.49,,,1098,18.3,30900,0.7667,3.09,0.2333,0.0518,,,,,
53:37.9,31000,3948281617.91,,,1111,18.5,31000,0.7692,3.10,0.2308,0.0516,,,,,
53:51.5,31200,3948281631.53,,,1125,18.7,31200,0.7742,3.12,0.2258,0.0513,,,,,
54:05.3,31000,3948281645.29,,,1138,19.0,31000,0.7692,3.10,0.2308,0.0529,,,,,
54:18.9,31100,3948281658.86,,,1152,19.2,31100,0.7717,3.11,0.2283,0.0517,,,,,
54:32.4,31300,3948281672.42,,,1165,19.4,31300,0.7767,3.13,0.2233,0.0505,,,,,
54:46.2,31400,3948281686.22,,,1179,19.7,31400,0.7792,3.14,0.2208,0.0508,,,,,
55:00.1,31300,3948281700.09,,,1193,19.9,31300,0.7767,3.13,0.2233,0.0516,,,,,
55:13.9,31500,3948281713.91,,,1207,20.1,31500,0.7816,3.15,0.2184,0.0503,,,,,
55:27.6,31500,3948281727.64,,,1221,20.3,31500,0.7816,3.15,0.2184,0.0500,,,,,
55:41.5,31600,3948281741.48,,,1235,20.6,31600,0.7841,3.16,0.2159,0.0498,,,,,
55:55.4,31800,3948281755.42,,,1248,20.8,31800,0.7891,3.18,0.2109,0.0490,,,,,
56:09.5,31700,3948281769.52,,,1263,21.0,31700,0.7866,3.17,0.2134,0.0501,,,,,
56:23.4,31700,3948281783.45,,,1276,21.3,31700,0.7866,3.17,0.2134,0.0495,,,,,
56:37.6,31700,3948281797.59,,,1291,21.5,31700,0.7866,3.17,0.2134,0.0503,,,,,
56:51.9,32100,3948281811.88,,,1305,21.7,32100,0.7965,3.21,0.2035,0.0484,,,,,
57:05.9,32000,3948281825.92,,,1319,22.0,32000,0.7940,3.20,0.2060,0.0482,,,,,
57:19.8,32100,3948281839.81,,,1333,22.2,32100,0.7965,3.21,0.2035,0.0471,,,,,
57:33.8,32100,3948281853.80,,,1347,22.4,32100,0.7965,3.21,0.2035,0.0474,,,,,
57:48.6,32100,3948281868.61,,,1362,22.7,32100,0.7965,3.21,0.2035,0.0502,,,,,
58:03.0,32200,3948281882.96,,,1376,22.9,32200,0.7990,3.22,0.2010,0.0481,,,,,
58:17.4,32400,3948281897.44,,,1390,23.2,32400,0.8040,3.24,0.1960,0.0473,,,,,
58:31.7,32200,3948281911.70,,,1405,23.4,32200,0.7990,3.22,0.2010,0.0478,,,,,
58:46.2,32100,3948281926.17,,,1419,23.7,32100,0.7965,3.21,0.2035,0.0491,,,,,
59:00.6,32400,3948281940.65,,,1434,23.9,32400,0.8040,3.24,0.1960,0.0473,,,,,
59:15.2,32200,3948281955.25,,,1448,24.1,32200,0.7990,3.22,0.2010,0.0489,,,,,
59:29.8,32400,3948281969.76,,,1463,24.4,32400,0.8040,3.24,0.1960,0.0474,,,,,
59:44.3,32500,3948281984.34,,,1477,24.6,32500,0.8065,3.25,0.1935,0.0470,,,,,
59:59.1,32600,3948281999.11,,,1492,24.9,32600,0.8089,3.26,0.1911,0.0470,,,,,
00:14.1,32700,3948282014.06,,,1507,25.1,32700,0.8114,3.27,0.1886,0.0470,,,,,
00:28.8,32600,3948282028.83,,,1522,25.4,32600,0.8089,3.26,0.1911,0.0470,time,0.95,38285,0.038285,0.05
00:43.6,32700,3948282043.65,,,1537,25.6,32700,0.8114,3.27,0.1886,0.0466,39.40620061,0.05,0.702097531,,
00:58.7,32900,3948282058.68,,,1552,25.9,32900,0.8164,3.29,0.1836,0.0460,67.34776675,13.88226122,,,
01:13.7,32700,3948282073.67,,,1567,26.1,32700,0.8114,3.27,0.1886,0.0471,,,,,
01:28.4,32700,3948282088.39,,,1581,26.4,32700,0.8114,3.27,0.1886,0.0463,,,,,
01:43.3,32700,3948282103.33,,,1596,26.6,32700,0.8114,3.27,0.1886,0.0470,,,,,
01:58.4,32900,3948282118.39,,,1611,26.9,32900,0.8164,3.29,0.1836,0.0461,,,,,
02:13.4,32900,3948282133.39,,,1626,27.1,32900,0.8164,3.29,0.1836,0.0459,,,,,
02:28.5,33000,3948282148.47,,,1641,27.4,33000,0.8189,3.30,0.1811,0.0455,,,,,
02:43.7,33000,3948282163.66,,,1657,27.6,33000,0.8189,3.30,0.1811,0.0459,,,,,
02:59.0,32900,3948282179.00,,,1672,27.9,32900,0.8164,3.29,0.1836,0.0469,,,,,
03:14.4,33100,3948282194.39,,,1687,28.1,33100,0.8213,3.31,0.1787,0.0458,,,,,
03:29.5,33100,3948282209.54,,,1703,28.4,33100,0.8213,3.31,0.1787,0.0451,,,,,
03:44.8,33100,3948282224.77,,,1718,28.6,33100,0.8213,3.31,0.1787,0.0453,,,,,
04:00.2,33100,3948282240.20,,,1733,28.9,33100,0.8213,3.31,0.1787,0.0459,,,,,
04:15.5,33000,3948282255.50,,,1749,29.1,33000,0.8189,3.30,0.1811,0.0462,,,,,
04:30.9,33200,3948282270.87,,,1764,29.4,33200,0.8238,3.32,0.1762,0.0451,,,,,
04:46.4,33200,3948282286.42,,,1779,29.7,33200,0.8238,3.32,0.1762,0.0457,,,,,
05:02.0,33200,3948282302.05,,,1795,29.9,33200,0.8238,3.32,0.1762,0.0459,,,,,
05:17.7,33000,3948282317.74,,,1811,30.2,33000,0.8189,3.30,0.1811,0.0474,,,,,
05:33.5,33100,3948282333.46,,,1826,30.4,33100,0.8213,3.31,0.1787,0.0468,,,,,
05:49.5,33100,3948282349.47,,,1842,30.7,33100,0.8213,3.31,0.1787,0.0477,,,,,
06:06.3,33200,3948282366.27,,,1859,31.0,33200,0.8238,3.32,0.1762,0.0493,,,,,
06:22.0,33200,3948282382.02,,,1875,31.3,33200,0.8238,3.32,0.1762,0.0462,,,,,
06:37.7,33100,3948282397.74,,,1891,31.5,33100,0.8213,3.31,0.1787,0.0468,,,,,
06:54.1,33100,3948282414.07,,,1907,31.8,33100,0.8213,3.31,0.1787,0.0486,,,,,
07:10.1,33400,3948282430.06,,,1923,32.1,33400,0.8288,3.34,0.1712,0.0456,,,,,
07:26.1,33100,3948282446.07,,,1939,32.3,33100,0.8213,3.31,0.1787,0.0477,,,,,
07:42.4,33100,3948282462.45,,,1955,32.6,33100,0.8213,3.31,0.1787,0.0488,,,,,
07:58.5,33400,3948282478.53,,,1972,32.9,33400,0.8288,3.34,0.1712,0.0459,,,,,
08:14.9,33400,3948282494.92,,,1988,33.1,33400,0.8288,3.34,0.1712,0.0467,,,,,
08:31.2,33100,3948282511.24,,,2004,33.4,33100,0.8213,3.31,0.1787,0.0486,,,,,
08:47.4,33400,3948282527.36,,,2020,33.7,33400,0.8288,3.34,0.1712,0.0460,,,,,
09:03.8,33200,3948282543.81,,,2037,33.9,33200,0.8238,3.32,0.1762,0.0483,,,,,
09:20.0,33400,3948282559.95,,,2053,34.2,33400,0.8288,3.34,0.1712,0.0461,,,,,
09:36.2,33400,3948282576.17,,,2069,34.5,33400,0.8288,3.34,0.1712,0.0463,,,,,
09:52.6,33600,3948282592.61,,,2086,34.8,33600,0.8337,3.36,0.1663,0.0456,,,,,
10:09.3,33300,3948282609.33,,,2102,35.0,33300,0.8263,3.33,0.1737,0.0484,,,,,
10:25.7,33300,3948282625.68,,,2119,35.3,33300,0.8263,3.33,0.1737,0.0473,,,,,
10:42.1,33300,3948282642.12,,,2135,35.6,33300,0.8263,3.33,0.1737,0.0476,,,,,
10:58.6,33200,3948282658.58,,,2152,35.9,33200,0.8238,3.32,0.1762,0.0483,,,,,
11:15.3,33300,3948282675.31,,,2168,36.1,33300,0.8263,3.33,0.1737,0.0484,,,,,
11:31.9,33400,3948282691.93,,,2185,36.4,33400,0.8288,3.34,0.1712,0.0474,,,,,
11:48.6,33600,3948282708.56,,,2202,36.7,33600,0.8337,3.36,0.1663,0.0461,,,,,
12:05.3,33500,3948282725.30,,,2218,37.0,33500,0.8313,3.35,0.1687,0.0471,,,,,
12:22.0,33300,3948282742.04,,,2235,37.3,33300,0.8263,3.33,0.1737,0.0485,,,,,
12:38.8,33400,3948282758.81,,,2252,37.5,33400,0.8288,3.34,0.1712,0.0478,,,,,
12:55.8,33400,3948282775.78,,,2269,37.8,33400,0.8288,3.34,0.1712,0.0484,,,,,
13:12.7,33600,3948282792.71,,,2286,38.1,33600,0.8337,3.36,0.1663,0.0469,,,,,
13:29.6,33400,3948282809.58,,,2303,38.4,33400,0.8288,3.34,0.1712,0.0481,,,,,
13:46.5,33500,3948282826.52,,,2320,38.7,33500,0.8313,3.35,0.1687,0.0476,,,,,
14:03.4,33600,3948282843.42,,,2336,38.9,33600,0.8337,3.36,0.1663,0.0468,,,,,
14:20.5,33400,3948282860.48,,,2354,39.2,33400,0.8288,3.34,0.1712,0.0487,,,,,
14:37.5,33600,3948282877.52,,,2371,39.5,33600,0.8337,3.36,0.1663,0.0472,,,,,
14:54.6,33500,3948282894.59,,,2388,39.8,33500,0.8313,3.35,0.1687,0.0480,,,,,
15:11.8,33500,3948282911.84,,,2405,40.1,33500,0.8313,3.35,0.1687,0.0485,,,,,
15:28.9,33600,3948282928.93,,,2422,40.4,33600,0.8337,3.36,0.1663,0.0473,,,,,
15:46.1,33600,3948282946.11,,,2439,40.7,33600,0.8337,3.36,0.1663,0.0476,,,,,
16:03.6,33700,3948282963.56,,,2457,40.9,33700,0.8362,3.37,0.1638,0.0476,,,,,
16:20.7,33700,3948282980.72,,,2474,41.2,33700,0.8362,3.37,0.1638,0.0468,,,,,
16:37.9,33600,3948282997.87,,,2491,41.5,33600,0.8337,3.36,0.1663,0.0475,,,,,
16:55.2,33500,3948283015.17,,,2508,41.8,33500,0.8313,3.35,0.1687,0.0487,,,,,
17:12.6,33700,3948283032.61,,,2526,42.1,33700,0.8362,3.37,0.1638,0.0476,,,,,
17:30.2,33600,3948283050.22,,,2543,42.4,33600,0.8337,3.36,0.1663,0.0488,,,,,
17:48.4,33700,3948283068.38,,,2561,42.7,33700,0.8362,3.37,0.1638,0.0496,,,,,
18:06.1,33700,3948283086.10,,,2579,43.0,33700,0.8362,3.37,0.1638,0.0484,,,,,
18:23.6,33500,3948283103.55,,,2597,43.3,33500,0.8313,3.35,0.1687,0.0491,,,,,
18:41.1,33600,3948283121.07,,,2614,43.6,33600,0.8337,3.36,0.1663,0.0485,,,,,
18:58.6,33300,3948283138.56,,,2632,43.9,33300,0.8263,3.33,0.1737,0.0506,,,,,
19:16.3,33600,3948283156.34,,,2649,44.2,33600,0.8337,3.36,0.1663,0.0493,,,,,
19:34.0,33600,3948283174.02,,,2667,44.5,33600,0.8337,3.36,0.1663,0.0490,,,,,
19:51.8,33700,3948283191.79,,,2685,44.7,33700,0.8362,3.37,0.1638,0.0485,,,,,
20:09.7,33600,3948283209.72,,,2703,45.0,33600,0.8337,3.36,0.1663,0.0497,,,,,
20:27.5,33500,3948283227.55,,,2721,45.3,33500,0.8313,3.35,0.1687,0.0501,,,,,
20:45.7,33600,3948283245.66,,,2739,45.6,33600,0.8337,3.36,0.1663,0.0502,,,,,
21:03.7,33600,3948283263.74,,,2757,45.9,33600,0.8337,3.36,0.1663,0.0501,,,,,
21:21.7,33400,3948283281.70,,,2775,46.2,33400,0.8288,3.34,0.1712,0.0513,,,,,
21:39.5,33700,3948283299.51,,,2793,46.5,33700,0.8362,3.37,0.1638,0.0486,,,,,
21:57.6,33700,3948283317.56,,,2811,46.8,33700,0.8362,3.37,0.1638,0.0493,,,,,
22:15.7,33400,3948283335.67,,,2829,47.1,33400,0.8288,3.34,0.1712,0.0517,,,,,
22:33.8,34100,3948283353.81,,,2847,47.4,34100,0.8462,3.41,0.1538,0.0465,,,,,
22:52.0,33700,3948283372.04,,,2865,47.8,33700,0.8362,3.37,0.1638,0.0498,,,,,
23:10.4,33600,3948283390.36,,,2883,48.1,33600,0.8337,3.36,0.1663,0.0507,,,,,
23:28.6,33800,3948283408.56,,,2902,48.4,33800,0.8387,3.38,0.1613,0.0489,,,,,
23:46.8,33700,3948283426.84,,,2920,48.7,33700,0.8362,3.37,0.1638,0.0499,,,,,
24:05.2,33700,3948283445.22,,,2938,49.0,33700,0.8362,3.37,0.1638,0.0502,,,,,
24:23.5,33900,3948283463.55,,,2957,49.3,33900,0.8412,3.39,0.1588,0.0485,,,,,
24:41.9,33700,3948283481.93,,,2975,49.6,33700,0.8362,3.37,0.1638,0.0502,,,,,
25:00.6,34000,3948283500.58,,,2994,49.9,34000,0.8437,3.40,0.1563,0.0486,,,,,
25:19.0,33900,3948283519.01,,,3012,50.2,33900,0.8412,3.39,0.1588,0.0488,,,,,
25:37.9,33800,3948283537.87,,,3031,50.5,33800,0.8387,3.38,0.1613,0.0507,,,,,
25:56.8,33800,3948283556.82,,,3050,50.8,33800,0.8387,3.38,0.1613,0.0509,,,,,
26:15.9,33800,3948283575.89,,,3069,51.1,33800,0.8387,3.38,0.1613,0.0513,,,,,
26:34.6,34100,3948283594.57,,,3088,51.5,34100,0.8462,3.41,0.1538,0.0479,,,,,
26:53.2,33800,3948283613.22,,,3106,51.8,33800,0.8387,3.38,0.1613,0.0501,,,,,
27:12.1,33700,3948283632.10,,,3125,52.1,33700,0.8362,3.37,0.1638,0.0515,,,,,
27:30.8,34000,3948283650.79,,,3144,52.4,34000,0.8437,3.40,0.1563,0.0487,,,,,
27:50.1,33900,3948283670.12,,,3163,52.7,33900,0.8412,3.39,0.1588,0.0512,,,,,
28:09.0,33900,3948283688.96,,,3182,53.0,33900,0.8412,3.39,0.1588,0.0499,,,,,
28:27.7,33900,3948283707.68,,,3201,53.3,33900,0.8412,3.39,0.1588,0.0495,,,,,
28:46.4,33800,3948283726.45,,,3219,53.7,33800,0.8387,3.38,0.1613,0.0504,,,,,
29:05.6,33900,3948283745.63,,,3239,54.0,33900,0.8412,3.39,0.1588,0.0508,,,,,
29:24.6,34100,3948283764.56,,,3258,54.3,34100,0.8462,3.41,0.1538,0.0486,,,,,
29:43.6,33900,3948283783.59,,,3277,54.6,33900,0.8412,3.39,0.1588,0.0504,,,,,
30:02.9,33900,3948283802.92,,,3296,54.9,33900,0.8412,3.39,0.1588,0.0512,,,,,
30:21.8,33700,3948283821.85,,,3315,55.2,33700,0.8362,3.37,0.1638,0.0517,,,,,
30:40.9,33700,3948283840.88,,,3334,55.6,33700,0.8362,3.37,0.1638,0.0519,,,,,
30:59.9,34200,3948283859.87,,,3353,55.9,34200,0.8486,3.42,0.1514,0.0479,,,,,
31:18.9,34000,3948283878.86,,,3372,56.2,34000,0.8437,3.40,0.1563,0.0495,,,,,
31:37.8,34000,3948283897.79,,,3391,56.5,34000,0.8437,3.40,0.1563,0.0493,,,,,
31:56.8,34100,3948283916.79,,,3410,56.8,34100,0.8462,3.41,0.1538,0.0487,,,,,
32:16.2,33900,3948283936.24,,,3429,57.2,33900,0.8412,3.39,0.1588,0.0515,,,,,
32:35.2,34100,3948283955.25,,,3448,57.5,34100,0.8462,3.41,0.1538,0.0488,,,,,
32:54.8,34100,3948283974.76,,,3468,57.8,34100,0.8462,3.41,0.1538,0.0500,,,,,
33:14.6,33900,3948283994.59,,,3488,58.1,33900,0.8412,3.39,0.1588,0.0525,,,,,
33:34.0,33900,3948284013.99,,,3507,58.5,33900,0.8412,3.39,0.1588,0.0513,,,,,
33:53.3,34200,3948284033.30,,,3526,58.8,34200,0.8486,3.42,0.1514,0.0487,,,,,
34:12.8,33900,3948284052.76,,,3546,59.1,33900,0.8412,3.39,0.1588,0.0515,,,,,
34:32.2,33700,3948284072.22,,,3565,59.4,33700,0.8362,3.37,0.1638,0.0531,,,,,
34:51.9,33900,3948284091.92,,,3585,59.7,33900,0.8412,3.39,0.1588,0.0521,,,,,
35:11.7,34100,3948284111.74,,,3605,60.1,34100,0.8462,3.41,0.1538,0.0508,,,,,
35:31.3,33800,3948284131.32,,,3624,60.4,33800,0.8387,3.38,0.1613,0.0526,,,,,
35:51.4,33800,3948284151.45,,,3644,60.7,33800,0.8387,3.38,0.1613,0.0541,,,,,
36:11.2,34100,3948284171.22,,,3664,61.1,34100,0.8462,3.41,0.1538,0.0507,,,,,
36:31.0,34100,3948284191.04,,,3684,61.4,34100,0.8462,3.41,0.1538,0.0508,,,,,
36:50.9,34100,3948284210.92,,,3704,61.7,34100,0.8462,3.41,0.1538,0.0510,,,,,
37:11.5,33900,3948284231.51,,,3725,62.1,33900,0.8412,3.39,0.1588,0.0545,,,,,
37:31.6,34100,3948284251.62,,,3745,62.4,34100,0.8462,3.41,0.1538,0.0516,,,,,
37:52.1,33800,3948284272.14,,,3765,62.8,33800,0.8387,3.38,0.1613,0.0552,,,,,
38:12.3,34100,3948284292.33,,,3785,63.1,34100,0.8462,3.41,0.1538,0.0518,,,,,
38:32.4,33900,3948284312.36,,,3805,63.4,33900,0.8412,3.39,0.1588,0.0530,,,,,
38:52.5,33900,3948284332.54,,,3826,63.8,33900,0.8412,3.39,0.1588,0.0534,,,,,
39:12.8,34000,3948284352.78,,,3846,64.1,34000,0.8437,3.40,0.1563,0.0527,,,,,
39:32.8,33900,3948284372.80,,,3866,64.4,33900,0.8412,3.39,0.1588,0.0530,,,,,
40:07.5,34100,3948284407.48,,,3901,65.0,34100,0.8462,3.41,0.1538,0.0889,,,,,
40:28.1,34100,3948284428.15,,,3921,65.4,34100,0.8462,3.41,0.1538,0.0530,,,,,
40:48.6,34100,3948284448.56,,,3942,65.7,34100,0.8462,3.41,0.1538,0.0523,,,,,
41:09.0,34000,3948284468.99,,,3962,66.0,34000,0.8437,3.40,0.1563,0.0532,,,,,
41:29.2,33700,3948284489.21,,,3982,66.4,33700,0.8362,3.37,0.1638,0.0552,,,,,
41:49.6,34200,3948284509.63,,,4003,66.7,34200,0.8486,3.42,0.1514,0.0515,,,,,
42:10.1,33900,3948284530.06,,,4023,67.1,33900,0.8412,3.39,0.1588,0.0541,,,,,
42:30.2,34200,3948284550.15,,,4043,67.4,34200,0.8486,3.42,0.1514,0.0507,,,,,
42:50.6,34000,3948284570.57,,,4064,67.7,34000,0.8437,3.40,0.1563,0.0532,,,,,
43:11.5,34100,3948284591.47,,,4084,68.1,34100,0.8462,3.41,0.1538,0.0536,,,,,
43:32.0,34100,3948284612.02,,,4105,68.4,34100,0.8462,3.41,0.1538,0.0527,,,,,
43:52.9,34100,3948284632.88,,,4126,68.8,34100,0.8462,3.41,0.1538,0.0535,,,,,
44:13.5,34100,3948284653.53,,,4147,69.1,34100,0.8462,3.41,0.1538,0.0529,,,,,
44:34.1,34100,3948284674.14,,,4167,69.5,34100,0.8462,3.41,0.1538,0.0529,,,,,
44:55.1,34000,3948284695.07,,,4188,69.8,34000,0.8437,3.40,0.1563,0.0545,,,,,
45:16.0,33800,3948284715.96,,,4209,70.1,33800,0.8387,3.38,0.1613,0.0561,,,,,
45:36.7,34000,3948284736.70,,,4230,70.5,34000,0.8437,3.40,0.1563,0.0540,,,,,
45:57.6,34100,3948284757.61,,,4251,70.8,34100,0.8462,3.41,0.1538,0.0536,,,,,
46:18.9,33900,3948284778.86,,,4272,71.2,33900,0.8412,3.39,0.1588,0.0563,,,,,
46:39.8,34100,3948284799.85,,,4293,71.5,34100,0.8462,3.41,0.1538,0.0538,,,,,
47:01.0,34300,3948284821.04,,,4314,71.9,34300,0.8511,3.43,0.1489,0.0526,,,,,
47:22.1,34300,3948284842.14,,,4335,72.3,34300,0.8511,3.43,0.1489,0.0524,,,,,
47:43.9,34200,3948284863.90,,,4357,72.6,34200,0.8486,3.42,0.1514,0.0549,,,,,
48:05.9,34100,3948284885.93,,,4379,73.0,34100,0.8462,3.41,0.1538,0.0565,,,,,
48:27.2,34200,3948284907.17,,,4400,73.3,34200,0.8486,3.42,0.1514,0.0536,,,,,
48:48.6,33900,3948284928.57,,,4422,73.7,33900,0.8412,3.39,0.1588,0.0567,,,,,
49:09.9,34100,3948284949.85,,,4443,74.0,34100,0.8462,3.41,0.1538,0.0546,,,,,
49:31.2,34100,3948284971.22,,,4464,74.4,34100,0.8462,3.41,0.1538,0.0548,,,,,
49:52.7,33900,3948284992.70,,,4486,74.8,33900,0.8412,3.39,0.1588,0.0569,,,,,
50:14.3,33900,3948285014.31,,,4507,75.1,33900,0.8412,3.39,0.1588,0.0572,,,,,
50:35.7,34100,3948285035.69,,,4529,75.5,34100,0.8462,3.41,0.1538,0.0548,,,,,
50:57.5,34100,3948285057.47,,,4551,75.8,34100,0.8462,3.41,0.1538,0.0559,,,,,
51:19.2,34100,3948285079.16,,,4572,76.2,34100,0.8462,3.41,0.1538,0.0556,,,,,
51:40.7,34000,3948285100.74,,,4594,76.6,34000,0.8437,3.40,0.1563,0.0562,,,,,
52:02.3,33700,3948285122.27,,,4615,76.9,33700,0.8362,3.37,0.1638,0.0588,,,,,
52:23.8,34100,3948285143.81,,,4637,77.3,34100,0.8462,3.41,0.1538,0.0552,,,,,
52:45.3,34100,3948285165.30,,,4658,77.6,34100,0.8462,3.41,0.1538,0.0551,,,,,
53:07.0,34100,3948285187.04,,,4680,78.0,34100,0.8462,3.41,0.1538,0.0557,,,,,
53:28.8,34000,3948285208.85,,,4702,78.4,34000,0.8437,3.40,0.1563,0.0568,,,,,
53:51.0,34000,3948285231.00,,,4724,78.7,34000,0.8437,3.40,0.1563,0.0577,,,,,
54:13.0,34100,3948285253.04,,,4746,79.1,34100,0.8462,3.41,0.1538,0.0565,,,,,
54:34.7,34100,3948285274.71,,,4768,79.5,34100,0.8462,3.41,0.1538,0.0556,,,,,
54:56.6,33900,3948285296.59,,,4790,79.8,33900,0.8412,3.39,0.1588,0.0579,,,,,
55:18.8,34000,3948285318.81,,,4812,80.2,34000,0.8437,3.40,0.1563,0.0579,,,,,
55:40.8,34100,3948285340.79,,,4834,80.6,34100,0.8462,3.41,0.1538,0.0563,,,,,
56:03.2,34100,3948285363.17,,,4856,80.9,34100,0.8462,3.41,0.1538,0.0574,,,,,
56:25.3,34100,3948285385.35,,,4878,81.3,34100,0.8462,3.41,0.1538,0.0569,,,,,
56:47.7,34100,3948285407.72,,,4901,81.7,34100,0.8462,3.41,0.1538,0.0574,,,,,
57:10.4,34100,3948285430.39,,,4923,82.1,34100,0.8462,3.41,0.1538,0.0581,,,,,
57:32.6,34100,3948285452.64,,,4946,82.4,34100,0.8462,3.41,0.1538,0.0571,,,,,
57:55.5,34200,3948285475.47,,,4968,82.8,34200,0.8486,3.42,0.1514,0.0576,,,,,
58:18.0,34100,3948285497.99,,,4991,83.2,34100,0.8462,3.41,0.1538,0.0577,,,,,
58:40.2,34100,3948285520.18,,,5013,83.6,34100,0.8462,3.41,0.1538,0.0569,,,,,
59:02.7,34000,3948285542.71,,,5036,83.9,34000,0.8437,3.40,0.1563,0.0587,,,,,
59:25.0,34200,3948285564.95,,,5058,84.3,34200,0.8486,3.42,0.1514,0.0561,,,,,
59:47.5,34100,3948285587.49,,,5081,84.7,34100,0.8462,3.41,0.1538,0.0578,,,,,
00:10.1,34100,3948285610.10,,,5103,85.1,34100,0.8462,3.41,0.1538,0.0580,,,,,
00:32.5,34300,3948285632.55,,,5126,85.4,34300,0.8511,3.43,0.1489,0.0557,,,,,
00:55.2,34100,3948285655.24,,,5148,85.8,34100,0.8462,3.41,0.1538,0.0582,,,,,
01:18.0,34200,3948285677.95,,,5171,86.2,34200,0.8486,3.42,0.1514,0.0573,,,,,
01:40.5,34000,3948285700.51,,,5194,86.6,34000,0.8437,3.40,0.1563,0.0588,,,,,
02:03.1,34200,3948285723.07,,,5216,86.9,34200,0.8486,3.42,0.1514,0.0569,,,,,
02:25.8,34100,3948285745.84,,,5239,87.3,34100,0.8462,3.41,0.1538,0.0584,,,,,
02:48.6,34200,3948285768.58,,,5262,87.7,34200,0.8486,3.42,0.1514,0.0574,,,,,
03:11.6,34100,3948285791.59,,,5285,88.1,34100,0.8462,3.41,0.1538,0.0590,,,,,
03:34.5,34200,3948285814.46,,,5307,88.5,34200,0.8486,3.42,0.1514,0.0577,,,,,
03:57.4,34200,3948285837.36,,,5330,88.8,34200,0.8486,3.42,0.1514,0.0578,,,,,
04:20.4,34100,3948285860.38,,,5353,89.2,34100,0.8462,3.41,0.1538,0.0590,,,,,
04:43.4,34100,3948285883.43,,,5376,89.6,34100,0.8462,3.41,0.1538,0.0591,,,,,
05:06.6,34100,3948285906.62,,,5400,90.0,34100,0.8462,3.41,0.1538,0.0595,,,,,
05:29.8,34000,3948285929.81,,,5423,90.4,34000,0.8437,3.40,0.1563,0.0604,,,,,
05:53.3,34000,3948285953.27,,,5446,90.8,34000,0.8437,3.40,0.1563,0.0611,,,,,
06:17.0,34200,3948285976.99,,,5470,91.2,34200,0.8486,3.42,0.1514,0.0598,,,,,
06:40.1,34000,3948286000.15,,,5493,91.6,34000,0.8437,3.40,0.1563,0.0604,,,,,
07:03.5,34000,3948286023.52,,,5517,91.9,34000,0.8437,3.40,0.1563,0.0609,,,,,
07:26.8,34100,3948286046.81,,,5540,92.3,34100,0.8462,3.41,0.1538,0.0597,,,,,
07:50.8,34200,3948286070.83,,,5564,92.7,34200,0.8486,3.42,0.1514,0.0606,,,,,
08:14.2,34300,3948286094.23,,,5587,93.1,34300,0.8511,3.43,0.1489,0.0581,,,,,
08:38.0,34000,3948286117.98,,,5611,93.5,34000,0.8437,3.40,0.1563,0.0619,,,,,
09:01.9,34100,3948286141.88,,,5635,93.9,34100,0.8462,3.41,0.1538,0.0613,,,,,
09:25.3,34200,3948286165.25,,,5658,94.3,34200,0.8486,3.42,0.1514,0.0590,,,,,
09:48.9,34200,3948286188.95,,,5682,94.7,34200,0.8486,3.42,0.1514,0.0598,,,,,
10:13.0,34300,3948286212.95,,,5706,95.1,34300,0.8511,3.43,0.1489,0.0596,,,,,
10:36.5,34400,3948286236.48,,,5730,95.5,34400,0.8536,3.44,0.1464,0.0574,,,,,
11:00.3,34100,3948286260.26,,,5753,95.9,34100,0.8462,3.41,0.1538,0.0610,,,,,
11:24.2,34100,3948286284.21,,,5777,96.3,34100,0.8462,3.41,0.1538,0.0614,,,,,
11:47.9,34300,3948286307.92,,,5801,96.7,34300,0.8511,3.43,0.1489,0.0588,,,,,
12:12.0,34100,3948286331.96,,,5825,97.1,34100,0.8462,3.41,0.1538,0.0616,,,,,
12:35.8,34200,3948286355.76,,,5849,97.5,34200,0.8486,3.42,0.1514,0.0600,,,,,
12:59.8,34200,3948286379.79,,,5873,97.9,34200,0.8486,3.42,0.1514,0.0606,,,,,
13:23.8,34200,3948286403.84,,,5897,98.3,34200,0.8486,3.42,0.1514,0.0607,,,,,
13:47.8,34200,3948286427.84,,,5921,98.7,34200,0.8486,3.42,0.1514,0.0605,,,,,
14:12.1,34300,3948286452.06,,,5945,99.1,34300,0.8511,3.43,0.1489,0.0601,,,,,
14:36.1,34400,3948286476.10,,,5969,99.5,34400,0.8536,3.44,0.1464,0.0587,,,,,
15:00.5,34300,3948286500.50,,,5994,99.9,34300,0.8511,3.43,0.1489,0.0605,,,,,
15:24.6,34100,3948286524.60,,,6018,100.3,34100,0.8462,3.41,0.1538,0.0618,,,,,
15:48.9,34200,3948286548.92,,,6042,100.7,34200,0.8486,3.42,0.1514,0.0613,,,,,
16:13.3,34200,3948286573.31,,,6066,101.1,34200,0.8486,3.42,0.1514,0.0615,,,,,
16:37.5,34300,3948286597.46,,,6090,101.5,34300,0.8511,3.43,0.1489,0.0599,,,,,
17:02.0,34100,3948286622.04,,,6115,101.9,34100,0.8462,3.41,0.1538,0.0630,,,,,
17:26.3,34400,3948286646.31,,,6139,102.3,34400,0.8536,3.44,0.1464,0.0592,,,,,
17:51.5,34200,3948286671.47,,,6164,102.7,34200,0.8486,3.42,0.1514,0.0635,,,,,
18:16.4,34400,3948286696.44,,,6189,103.2,34400,0.8536,3.44,0.1464,0.0609,,,,,
18:40.9,34200,3948286720.94,,,6214,103.6,34200,0.8486,3.42,0.1514,0.0618,,,,,
19:05.5,34100,3948286745.51,,,6239,104.0,34100,0.8462,3.41,0.1538,0.0630,,,,,
19:30.0,33900,3948286769.96,,,6263,104.4,33900,0.8412,3.39,0.1588,0.0647,,,,,
19:54.6,34400,3948286794.57,,,6288,104.8,34400,0.8536,3.44,0.1464,0.0601,,,,,
20:19.3,34200,3948286819.27,,,6312,105.2,34200,0.8486,3.42,0.1514,0.0623,,,,,
20:43.8,34100,3948286843.81,,,6337,105.6,34100,0.8462,3.41,0.1538,0.0629,,,,,
21:08.9,34100,3948286868.86,,,6362,106.0,34100,0.8462,3.41,0.1538,0.0642,,,,,
21:33.9,34200,3948286893.86,,,6387,106.4,34200,0.8486,3.42,0.1514,0.0631,,,,,
21:59.7,34400,3948286919.75,,,6413,106.9,34400,0.8536,3.44,0.1464,0.0632,,,,,
22:24.5,34400,3948286944.54,,,6438,107.3,34400,0.8536,3.44,0.1464,0.0605,,,,,
22:49.4,34100,3948286969.44,,,6462,107.7,34100,0.8462,3.41,0.1538,0.0639,,,,,
23:14.7,34200,3948286994.69,,,6488,108.1,34200,0.8486,3.42,0.1514,0.0637,,,,,
23:39.6,34100,3948287019.58,,,6513,108.5,34100,0.8462,3.41,0.1538,0.0638,,,,,
24:04.6,34100,3948287044.61,,,6538,109.0,34100,0.8462,3.41,0.1538,0.0642,,,,,
24:29.5,34100,3948287069.53,,,6563,109.4,34100,0.8462,3.41,0.1538,0.0639,,,,,
24:54.6,34100,3948287094.56,,,6588,109.8,34100,0.8462,3.41,0.1538,0.0642,,,,,
25:19.6,34100,3948287119.59,,,6613,110.2,34100,0.8462,3.41,0.1538,0.0642,,,,,
25:44.7,34300,3948287144.70,,,6638,110.6,34300,0.8511,3.43,0.1489,0.0623,,,,,
26:09.9,34100,3948287169.93,,,6663,111.0,34100,0.8462,3.41,0.1538,0.0647,,,,,
26:35.2,34400,3948287195.19,,,6688,111.5,34400,0.8536,3.44,0.1464,0.0616,,,,,
27:00.6,34400,3948287220.64,,,6714,111.9,34400,0.8536,3.44,0.1464,0.0621,,,,,
27:25.5,34200,3948287245.55,,,6739,112.3,34200,0.8486,3.42,0.1514,0.0628,,,,,
27:51.3,34300,3948287271.31,,,6764,112.7,34300,0.8511,3.43,0.1489,0.0639,,,,,
28:17.2,34300,3948287297.17,,,6790,113.2,34300,0.8511,3.43,0.1489,0.0642,,,,,
28:42.6,34200,3948287322.60,,,6816,113.6,34200,0.8486,3.42,0.1514,0.0641,,,,,
29:08.0,34200,3948287348.03,,,6841,114.0,34200,0.8486,3.42,0.1514,0.0642,,,,,
29:33.3,34100,3948287373.34,,,6866,114.4,34100,0.8462,3.41,0.1538,0.0649,,,,,
29:58.8,34400,3948287398.76,,,6892,114.9,34400,0.8536,3.44,0.1464,0.0620,,,,,
30:24.3,34400,3948287424.32,,,6917,115.3,34400,0.8536,3.44,0.1464,0.0624,,,,,
30:49.6,34200,3948287449.57,,,6943,115.7,34200,0.8486,3.42,0.1514,0.0637,,,,,
31:15.0,34200,3948287475.00,,,6968,116.1,34200,0.8486,3.42,0.1514,0.0641,,,,,
31:40.2,34000,3948287500.20,,,6993,116.6,34000,0.8437,3.40,0.1563,0.0656,,,,,
32:05.7,34300,3948287525.65,,,7019,117.0,34300,0.8511,3.43,0.1489,0.0632,,,,,
32:31.3,34100,3948287551.27,,,7044,117.4,34100,0.8462,3.41,0.1538,0.0657,,,,,
32:56.9,34300,3948287576.88,,,7070,117.8,34300,0.8511,3.43,0.1489,0.0636,,,,,
33:22.6,34200,3948287602.56,,,7096,118.3,34200,0.8486,3.42,0.1514,0.0648,,,,,
33:48.3,34100,3948287628.28,,,7121,118.7,34100,0.8462,3.41,0.1538,0.0660,,,,,
34:14.1,34200,3948287654.13,,,7147,119.1,34200,0.8486,3.42,0.1514,0.0652,,,,,
34:39.7,34200,3948287679.68,,,7173,119.5,34200,0.8486,3.42,0.1514,0.0645,,,,,
35:05.5,34200,3948287705.51,,,7199,120.0,34200,0.8486,3.42,0.1514,0.0652,,,,,
,,,,,,,,,,,,,,,,
,,,,,,,,,,,,,,,,
,,,,,,,,,,,,,,,,
,,,,,,,,,,,,,,,,
,,,,,,,,,,,,,,,,
,,,,,,,,,,,,,,,,
,,,,,,,,,,,,,,,,
,,,,,,,,,,,,,,,,
,,,,,,,,,,,,,,,,
,,,,,,,,,,,,,,,,
,,,,,,,,,,,,,,,,
,,,,,,,,,,,,,,,,
,,,,,,,,,,,,,,,,
,,,,,,,,,,,,,,,,
,,,,,,,,,,,,,,,,
,,,,,,,,,,,,,,,,
,,,,,,,,,,,,,,,,
,,,,,,,,,,,,,,,,
,,,,,,,,,,,,,,,,
,,,,,,,,,,,,,,,,
,,,,,,,,,,,,,,,,
,,,,,,,,,,,,,,,,
,,,,,,,,,,,,,,,,
,,,,,,,,,,,,,,,,
,,,,,,,,,,,,,,,,
,,,,,,,,,,,,,,,,
,,,,,,,,,,,,,,,,
,,,,,,,,,,,,,,,,
,,,,,,,,,,,,,,,,
,,,,,,,,,,,,,,,,
,,,,,,,,,,,,,,,,
,,,,,,,,,,,,,,,,
,,,,,,,,,,,,,,,,
,,,,,,,,,,,,,,,,
,,,,,,,,,,,,,,,,
,,,,,,,,,,,,,,,,
,,,,,,,,,,,,,,,,
,,,,,,,,,,,,,,,,
,,,,,,,,,,,,,,,,
,,,,,,,,,,,,,,,,
,,,,,,,,,,,,,,,,
,,,,,,,,,,,,,,,,
,,,,,,,,,,,,,,,,
,,,,,,,,,,,,,,,,
,,,,,,,,,,,,,,,,
,,,,,,,,,,,,,,,,
,,,,,,,,,,,,,,,,
,,,,,,,,,,,,,,,,
,,,,,,,,,,,,,,,,
,,,,,,,,,,,,,,,,
,,,,,,,,,,,,,,,,
,,,,,,,,,,,,,,,,
,,,,,,,,,,,,,,,,
,,,,,,,,,,,,,,,,
,,,,,,,,,,,,,,,,
,,,,,,,,,,,,,,,,
,,,,,,,,,,,,,,,,
,,,,,,,,,,,,,,,,
,,,,,,,,,,,,,,,,
,,,,,,,,,,,,,,,,
,,,,,,,,,,,,,,,,
,,,,,,,,,,,,,,,,
,,,,,,,,,,,,,,,,
,,,,,,,,,,,,,,,,
,,,,,,,,,,,,,,,,
,,,,,,,,,,,,,,,,
,,,,,,,,,,,,,,,,
,,,,,,,,,,,,,,,,
,,,,,,,,,,,,,,,,
,,,,,,,,,,,,,,,,
,,,,,,,,,,,,,,,,
,,,,,,,,,,,,,,,,
,,,,,,,,,,,,,,,,
,,,,,,,,,,,,,,,,
,,,,,,,,,,,,,,,,
,,,,,,,,,,,,,,,,
,,,,,,,,,,,,,,,,
,,,,,,,,,,,,,,,,
,,,,,,,,,,,,,,,,
,,,,,,,,,,,,,,,,
,,,,,,,,,,,,,,,,
,,,,,,,,,,,,,,,,
,,,,,,,,,,,,,,,,
,,,,,,,,,,,,,,,,
,,,,,,,,,,,,,,,,
,,,,,,,,,,,,,,,,
,,,,,,,,,,,,,,,,
,,,,,,,,,,,,,,,,
,,,,,,,,,,,,,,,,
,,,,,,,,,,,,,,,,
,,,,,,,,,,,,,,,,
,,,,,,,,,,,,,,,,
,,,,,,,,,,,,,,,,
,,,,,,,,,,,,,,,,
,,,,,,,,,,,,,,,,
,,,,,,,,,,,,,,,,
,,,,,,,,,,,,,,,,
,,,,,,,,,,,,,,,,
,,,,,,,,,,,,,,,,
,,,,,,,,,,,,,,,,
,,,,,,,,,,,,,,,,
,,,,,,,,,,,,,,,,
,,,,,,,,,,,,,,,,
,,,,,,,,,,,,,,,,
,,,,,,,,,,,,,,,,
,,,,,,,,,,,,,,,,
,,,,,,,,,,,,,,,,
,,,,,,,,,,,,,,,,
,,,,,,,,,,,,,,,,
,,,,,,,,,,,,,,,,
,,,,,,,,,,,,,,,,
,,,,,,,,,,,,,,,,
,,,,,,,,,,,,,,,,
,,,,,,,,,,,,,,,,
,,,,,,,,,,,,,,,,
,,,,,,,,,,,,,,,,
,,,,,,,,,,,,,,,,
,,,,,,,,,,,,,,,,
,,,,,,,,,,,,,,,,
,,,,,,,,,,,,,,,,
,,,,,,,,,,,,,,,,
,,,,,,,,,,,,,,,,
,,,,,,,,,,,,,,,,
,,,,,,,,,,,,,,,,
,,,,,,,,,,,,,,,,
,,,,,,,,,,,,,,,,
,,,,,,,,,,,,,,,,
,,,,,,,,,,,,,,,,
,,,,,,,,,,,,,,,,
,,,,,,,,,,,,,,,,
,,,,,,,,,,,,,,,,
,,,,,,,,,,,,,,,,
,,,,,,,,,,,,,,,,
,,,,,,,,,,,,,,,,
,,,,,,,,,,,,,,,,
,,,,,,,,,,,,,,,,
,,,,,,,,,,,,,,,,
,,,,,,,,,,,,,,,,
,,,,,,,,,,,,,,,,
,,,,,,,,,,,,,,,,
,,,,,,,,,,,,,,,,
,,,,,,,,,,,,,,,,
,,,,,,,,,,,,,,,,
,,,,,,,,,,,,,,,,
,,,,,,,,,,,,,,,,
,,,,,,,,,,,,,,,,
,,,,,,,,,,,,,,,,
,,,,,,,,,,,,,,,,
,,,,,,,,,,,,,,,,
,,,,,,,,,,,,,,,,
,,,,,,,,,,,,,,,,
,,,,,,,,,,,,,,,,
,,,,,,,,,,,,,,,,
,,,,,,,,,,,,,,,,
,,,,,,,,,,,,,,,,
,,,,,,,,,,,,,,,,
,,,,,,,,,,,,,,,,
,,,,,,,,,,,,,,,,
,,,,,,,,,,,,,,,,
,,,,,,,,,,,,,,,,
,,,,,,,,,,,,,,,,
,,,,,,,,,,,,,,,,
,,,,,,,,,,,,,,,,
,,,,,,,,,,,,,,,,
,,,,,,,,,,,,,,,,
,,,,,,,,,,,,,,,,
,,,,,,,,,,,,,,,,
,,,,,,,,,,,,,,,,
,,,,,,,,,,,,,,,,
,,,,,,,,,,,,,,,,
,,,,,,,,,,,,,,,,
,,,,,,,,,,,,,,,,
,,,,,,,,,,,,,,,,
,,,,,,,,,,,,,,,,
,,,,,,,,,,,,,,,,
,,,,,,,,,,,,,,,,
,,,,,,,,,,,,,,,,
,,,,,,,,,,,,,,,,
,,,,,,,,,,,,,,,,
,,,,,,,,,,,,,,,,
,,,,,,,,,,,,,,,,
,,,,,,,,,,,,,,,,
,,,,,,,,,,,,,,,,
,,,,,,,,,,,,,,,,
,,,,,,,,,,,,,,,,
,,,,,,,,,,,,,,,,
,,,,,,,,,,,,,,,,
,,,,,,,,,,,,,,,,
,,,,,,,,,,,,,,,,
,,,,,,,,,,,,,,,,
,,,,,,,,,,,,,,,,
,,,,,,,,,,,,,,,,
,,,,,,,,,,,,,,,,
,,,,,,,,,,,,,,,,
,,,,,,,,,,,,,,,,
,,,,,,,,,,,,,,,,
,,,,,,,,,,,,,,,,
,,,,,,,,,,,,,,,,
,,,,,,,,,,,,,,,,
,,,,,,,,,,,,,,,,
,,,,,,,,,,,,,,,,
,,,,,,,,,,,,,,,,
,,,,,,,,,,,,,,,,
,,,,,,,,,,,,,,,,
,,,,,,,,,,,,,,,,
,,,,,,,,,,,,,,,,
,,,,,,,,,,,,,,,,
,,,,,,,,,,,,,,,,
,,,,,,,,,,,,,,,,
,,,,,,,,,,,,,,,,
,,,,,,,,,,,,,,,,
,,,,,,,,,,,,,,,,
,,,,,,,,,,,,,,,,
,,,,,,,,,,,,,,,,
,,,,,,,,,,,,,,,,
,,,,,,,,,,,,,,,,
,,,,,,,,,,,,,,,,
,,,,,,,,,,,,,,,,
,,,,,,,,,,,,,,,,
,,,,,,,,,,,,,,,,
,,,,,,,,,,,,,,,,
,,,,,,,,,,,,,,,,
,,,,,,,,,,,,,,,,
,,,,,,,,,,,,,,,,
,,,,,,,,,,,,,,,,
,,,,,,,,,,,,,,,,
,,,,,,,,,,,,,,,,
,,,,,,,,,,,,,,,,
,,,,,,,,,,,,,,,,
,,,,,,,,,,,,,,,,
,,,,,,,,,,,,,,,,
,,,,,,,,,,,,,,,,
,,,,,,,,,,,,,,,,
,,,,,,,,,,,,,,,,
,,,,,,,,,,,,,,,,
,,,,,,,,,,,,,,,,
,,,,,,,,,,,,,,,,
,,,,,,,,,,,,,,,,
,,,,,,,,,,,,,,,,
,,,,,,,,,,,,,,,,
,,,,,,,,,,,,,,,,
,,,,,,,,,,,,,,,,
,,,,,,,,,,,,,,,,
,,,,,,,,,,,,,,,,
,,,,,,,,,,,,,,,,
,,,,,,,,,,,,,,,,
,,,,,,,,,,,,,,,,
,,,,,,,,,,,,,,,,
,,,,,,,,,,,,,,,,
,,,,,,,,,,,,,,,,
,,,,,,,,,,,,,,,,
,,,,,,,,,,,,,,,,
,,,,,,,,,,,,,,,,
,,,,,,,,,,,,,,,,
,,,,,,,,,,,,,,,,
,,,,,,,,,,,,,,,,
,,,,,,,,,,,,,,,,
,,,,,,,,,,,,,,,,
,,,,,,,,,,,,,,,,
,,,,,,,,,,,,,,,,
,,,,,,,,,,,,,,,,
,,,,,,,,,,,,,,,,
,,,,,,,,,,,,,,,,
,,,,,,,,,,,,,,,,
,,,,,,,,,,,,,,,,
,,,,,,,,,,,,,,,,
,,,,,,,,,,,,,,,,
,,,,,,,,,,,,,,,,
,,,,,,,,,,,,,,,,
,,,,,,,,,,,,,,,,
,,,,,,,,,,,,,,,,
,,,,,,,,,,,,,,,,
,,,,,,,,,,,,,,,,
,,,,,,,,,,,,,,,,
,,,,,,,,,,,,,,,,
,,,,,,,,,,,,,,,,
,,,,,,,,,,,,,,,,
,,,,,,,,,,,,,,,,
,,,,,,,,,,,,,,,,
,,,,,,,,,,,,,,,,
,,,,,,,,,,,,,,,,
,,,,,,,,,,,,,,,,
,,,,,,,,,,,,,,,,
,,,,,,,,,,,,,,,,
,,,,,,,,,,,,,,,,
,,,,,,,,,,,,,,,,
,,,,,,,,,,,,,,,,
,,,,,,,,,,,,,,,,
,,,,,,,,,,,,,,,,
,,,,,,,,,,,,,,,,
,,,,,,,,,,,,,,,,
,,,,,,,,,,,,,,,,
,,,,,,,,,,,,,,,,
,,,,,,,,,,,,,,,,
,,,,,,,,,,,,,,,,
,,,,,,,,,,,,,,,,
,,,,,,,,,,,,,,,,
,,,,,,,,,,,,,,,,
,,,,,,,,,,,,,,,,
,,,,,,,,,,,,,,,,
,,,,,,,,,,,,,,,,
,,,,,,,,,,,,,,,,
,,,,,,,,,,,,,,,,
,,,,,,,,,,,,,,,,
,,,,,,,,,,,,,,,,
,,,,,,,,,,,,,,,,
,,,,,,,,,,,,,,,,
,,,,,,,,,,,,,,,,
,,,,,,,,,,,,,,,,
,,,,,,,,,,,,,,,,
,,,,,,,,,,,,,,,,
,,,,,,,,,,,,,,,,
,,,,,,,,,,,,,,,,
,,,,,,,,,,,,,,,,
,,,,,,,,,,,,,,,,
,,,,,,,,,,,,,,,,
,,,,,,,,,,,,,,,,
,,,,,,,,,,,,,,,,
,,,,,,,,,,,,,,,,
,,,,,,,,,,,,,,,,
,,,,,,,,,,,,,,,,
,,,,,,,,,,,,,,,,
,,,,,,,,,,,,,,,,
,,,,,,,,,,,,,,,,
,,,,,,,,,,,,,,,,
,,,,,,,,,,,,,,,,
,,,,,,,,,,,,,,,,
,,,,,,,,,,,,,,,,
,,,,,,,,,,,,,,,,
,,,,,,,,,,,,,,,,
,,,,,,,,,,,,,,,,
,,,,,,,,,,,,,,,,
,,,,,,,,,,,,,,,,
,,,,,,,,,,,,,,,,
,,,,,,,,,,,,,,,,
,,,,,,,,,,,,,,,,
,,,,,,,,,,,,,,,,
,,,,,,,,,,,,,,,,
,,,,,,,,,,,,,,,,
,,,,,,,,,,,,,,,,
,,,,,,,,,,,,,,,,
,,,,,,,,,,,,,,,,
,,,,,,,,,,,,,,,,
,,,,,,,,,,,,,,,,
,,,,,,,,,,,,,,,,
,,,,,,,,,,,,,,,,
,,,,,,,,,,,,,,,,
,,,,,,,,,,,,,,,,
,,,,,,,,,,,,,,,,
,,,,,,,,,,,,,,,,
,,,,,,,,,,,,,,,,
,,,,,,,,,,,,,,,,
,,,,,,,,,,,,,,,,
,,,,,,,,,,,,,,,,
,,,,,,,,,,,,,,,,
,,,,,,,,,,,,,,,,
,,,,,,,,,,,,,,,,
,,,,,,,,,,,,,,,,
,,,,,,,,,,,,,,,,
,,,,,,,,,,,,,,,,
,,,,,,,,,,,,,,,,
,,,,,,,,,,,,,,,,
,,,,,,,,,,,,,,,,
,,,,,,,,,,,,,,,,
,,,,,,,,,,,,,,,,
,,,,,,,,,,,,,,,,
,,,,,,,,,,,,,,,,
,,,,,,,,,,,,,,,,
,,,,,,,,,,,,,,,,
,,,,,,,,,,,,,,,,
,,,,,,,,,,,,,,,,
,,,,,,,,,,,,,,,,
,,,,,,,,,,,,,,,,
,,,,,,,,,,,,,,,,
,,,,,,,,,,,,,,,,
,,,,,,,,,,,,,,,,
,,,,,,,,,,,,,,,,
,,,,,,,,,,,,,,,,
,,,,,,,,,,,,,,,,
,,,,,,,,,,,,,,,,
,,,,,,,,,,,,,,,,
,,,,,,,,,,,,,,,,
,,,,,,,,,,,,,,,,
,,,,,,,,,,,,,,,,
,,,,,,,,,,,,,,,,
,,,,,,,,,,,,,,,,
,,,,,,,,,,,,,,,,
,,,,,,,,,,,,,,,,
,,,,,,,,,,,,,,,,
,,,,,,,,,,,,,,,,
,,,,,,,,,,,,,,,,
,,,,,,,,,,,,,,,,
,,,,,,,,,,,,,,,,
,,,,,,,,,,,,,,,,
,,,,,,,,,,,,,,,,
,,,,,,,,,,,,,,,,
,,,,,,,,,,,,,,,,
,,,,,,,,,,,,,,,,
,,,,,,,,,,,,,,,,
,,,,,,,,,,,,,,,,
,,,,,,,,,,,,,,,,
,,,,,,,,,,,,,,,,
,,,,,,,,,,,,,,,,
,,,,,,,,,,,,,,,,
,,,,,,,,,,,,,,,,
,,,,,,,,,,,,,,,,
,,,,,,,,,,,,,,,,
,,,,,,,,,,,,,,,,
,,,,,,,,,,,,,,,,
,,,,,,,,,,,,,,,,
,,,,,,,,,,,,,,,,
,,,,,,,,,,,,,,,,
,,,,,,,,,,,,,,,,
,,,,,,,,,,,,,,,,
,,,,,,,,,,,,,,,,
,,,,,,,,,,,,,,,,
,,,,,,,,,,,,,,,,
,,,,,,,,,,,,,,,,
,,,,,,,,,,,,,,,,
,,,,,,,,,,,,,,,,
,,,,,,,,,,,,,,,,
,,,,,,,,,,,,,,,,
,,,,,,,,,,,,,,,,
,,,,,,,,,,,,,,,,
,,,,,,,,,,,,,,,,
,,,,,,,,,,,,,,,,
,,,,,,,,,,,,,,,,
,,,,,,,,,,,,,,,,
,,,,,,,,,,,,,,,,
,,,,,,,,,,,,,,,,
,,,,,,,,,,,,,,,,
,,,,,,,,,,,,,,,,
,,,,,,,,,,,,,,,,
,,,,,,,,,,,,,,,,
,,,,,,,,,,,,,,,,
,,,,,,,,,,,,,,,,
,,,,,,,,,,,,,,,,
,,,,,,,,,,,,,,,,
,,,,,,,,,,,,,,,,
,,,,,,,,,,,,,,,,
,,,,,,,,,,,,,,,,
,,,,,,,,,,,,,,,,
,,,,,,,,,,,,,,,,
,,,,,,,,,,,,,,,,
,,,,,,,,,,,,,,,,
,,,,,,,,,,,,,,,,
,,,,,,,,,,,,,,,,
,,,,,,,,,,,,,,,,
,,,,,,,,,,,,,,,,
,,,,,,,,,,,,,,,,
,,,,,,,,,,,,,,,,
,,,,,,,,,,,,,,,,
,,,,,,,,,,,,,,,,
,,,,,,,,,,,,,,,,
,,,,,,,,,,,,,,,,
,,,,,,,,,,,,,,,,
,,,,,,,,,,,,,,,,
,,,,,,,,,,,,,,,,
,,,,,,,,,,,,,,,,
,,,,,,,,,,,,,,,,
,,,,,,,,,,,,,,,,
,,,,,,,,,,,,,,,,
,,,,,,,,,,,,,,,,
,,,,,,,,,,,,,,,,
,,,,,,,,,,,,,,,,
,,,,,,,,,,,,,,,,
,,,,,,,,,,,,,,,,
,,,,,,,,,,,,,,,,
,,,,,,,,,,,,,,,,
,,,,,,,,,,,,,,,,
,,,,,,,,,,,,,,,,
,,,,,,,,,,,,,,,,
,,,,,,,,,,,,,,,,
,,,,,,,,,,,,,,,,
,,,,,,,,,,,,,,,,
,,,,,,,,,,,,,,,,
,,,,,,,,,,,,,,,,
,,,,,,,,,,,,,,,,
,,,,,,,,,,,,,,,,
,,,,,,,,,,,,,,,,
,,,,,,,,,,,,,,,,
,,,,,,,,,,,,,,,,
,,,,,,,,,,,,,,,,
,,,,,,,,,,,,,,,,
,,,,,,,,,,,,,,,,
,,,,,,,,,,,,,,,,
,,,,,,,,,,,,,,,,
,,,,,,,,,,,,,,,,
,,,,,,,,,,,,,,,,
,,,,,,,,,,,,,,,,
,,,,,,,,,,,,,,,,
,,,,,,,,,,,,,,,,
,,,,,,,,,,,,,,,,
,,,,,,,,,,,,,,,,
,,,,,,,,,,,,,,,,
,,,,,,,,,,,,,,,,
,,,,,,,,,,,,,,,,
,,,,,,,,,,,,,,,,
,,,,,,,,,,,,,,,,
,,,,,,,,,,,,,,,,
,,,,,,,,,,,,,,,,
,,,,,,,,,,,,,,,,
,,,,,,,,,,,,,,,,
,,,,,,,,,,,,,,,,
,,,,,,,,,,,,,,,,
,,,,,,,,,,,,,,,,
,,,,,,,,,,,,,,,,
,,,,,,,,,,,,,,,,
,,,,,,,,,,,,,,,,
,,,,,,,,,,,,,,,,
,,,,,,,,,,,,,,,,
,,,,,,,,,,,,,,,,
,,,,,,,,,,,,,,,,
,,,,,,,,,,,,,,,,
,,,,,,,,,,,,,,,,
,,,,,,,,,,,,,,,,
,,,,,,,,,,,,,,,,
,,,,,,,,,,,,,,,,
,,,,,,,,,,,,,,,,
,,,,,,,,,,,,,,,,
,,,,,,,,,,,,,,,,
,,,,,,,,,,,,,,,,
,,,,,,,,,,,,,,,,
,,,,,,,,,,,,,,,,
,,,,,,,,,,,,,,,,
,,,,,,,,,,,,,,,,
,,,,,,,,,,,,,,,,
,,,,,,,,,,,,,,,,
,,,,,,,,,,,,,,,,
,,,,,,,,,,,,,,,,
,,,,,,,,,,,,,,,,
,,,,,,,,,,,,,,,,
,,,,,,,,,,,,,,,,
,,,,,,,,,,,,,,,,
,,,,,,,,,,,,,,,,
,,,,,,,,,,,,,,,,
,,,,,,,,,,,,,,,,
,,,,,,,,,,,,,,,,
,,,,,,,,,,,,,,,,
,,,,,,,,,,,,,,,,
,,,,,,,,,,,,,,,,
,,,,,,,,,,,,,,,,
,,,,,,,,,,,,,,,,
,,,,,,,,,,,,,,,,
,,,,,,,,,,,,,,,,
,,,,,,,,,,,,,,,,
,,,,,,,,,,,,,,,,
,,,,,,,,,,,,,,,,
,,,,,,,,,,,,,,,,
,,,,,,,,,,,,,,,,
,,,,,,,,,,,,,,,,
,,,,,,,,,,,,,,,,
,,,,,,,,,,,,,,,,
,,,,,,,,,,,,,,,,
,,,,,,,,,,,,,,,,
,,,,,,,,,,,,,,,,
,,,,,,,,,,,,,,,,
,,,,,,,,,,,,,,,,
,,,,,,,,,,,,,,,,
,,,,,,,,,,,,,,,,
,,,,,,,,,,,,,,,,
,,,,,,,,,,,,,,,,
,,,,,,,,,,,,,,,,
,,,,,,,,,,,,,,,,
,,,,,,,,,,,,,,,,
,,,,,,,,,,,,,,,,
,,,,,,,,,,,,,,,,
,,,,,,,,,,,,,,,,
,,,,,,,,,,,,,,,,
,,,,,,,,,,,,,,,,
,,,,,,,,,,,,,,,,
,,,,,,,,,,,,,,,,
,,,,,,,,,,,,,,,,
,,,,,,,,,,,,,,,,
,,,,,,,,,,,,,,,,
,,,,,,,,,,,,,,,,
,,,,,,,,,,,,,,,,
,,,,,,,,,,,,,,,,
,,,,,,,,,,,,,,,,
,,,,,,,,,,,,,,,,
,,,,,,,,,,,,,,,,
,,,,,,,,,,,,,,,,
,,,,,,,,,,,,,,,,
,,,,,,,,,,,,,,,,
,,,,,,,,,,,,,,,,
,,,,,,,,,,,,,,,,
,,,,,,,,,,,,,,,,
,,,,,,,,,,,,,,,,
,,,,,,,,,,,,,,,,
,,,,,,,,,,,,,,,,
,,,,,,,,,,,,,,,,
,,,,,,,,,,,,,,,,
,,,,,,,,,,,,,,,,
,,,,,,,,,,,,,,,,
,,,,,,,,,,,,,,,,
,,,,,,,,,,,,,,,,
,,,,,,,,,,,,,,,,
,,,,,,,,,,,,,,,,
,,,,,,,,,,,,,,,,
,,,,,,,,,,,,,,,,
,,,,,,,,,,,,,,,,
,,,,,,,,,,,,,,,,
,,,,,,,,,,,,,,,,
,,,,,,,,,,,,,,,,
,,,,,,,,,,,,,,,,
,,,,,,,,,,,,,,,,
,,,,,,,,,,,,,,,,
,,,,,,,,,,,,,,,,
,,,,,,,,,,,,,,,,
,,,,,,,,,,,,,,,,
,,,,,,,,,,,,,,,,
,,,,,,,,,,,,,,,,
,,,,,,,,,,,,,,,,
,,,,,,,,,,,,,,,,
,,,,,,,,,,,,,,,,
,,,,,,,,,,,,,,,,
,,,,,,,,,,,,,,,,
,,,,,,,,,,,,,,,,
,,,,,,,,,,,,,,,,
,,,,,,,,,,,,,,,,
,,,,,,,,,,,,,,,,
,,,,,,,,,,,,,,,,
,,,,,,,,,,,,,,,,
,,,,,,,,,,,,,,,,
,,,,,,,,,,,,,,,,
,,,,,,,,,,,,,,,,
,,,,,,,,,,,,,,,,
,,,,,,,,,,,,,,,,
,,,,,,,,,,,,,,,,
,,,,,,,,,,,,,,,,
,,,,,,,,,,,,,,,,
,,,,,,,,,,,,,,,,
,,,,,,,,,,,,,,,,
,,,,,,,,,,,,,,,,
,,,,,,,,,,,,,,,,
,,,,,,,,,,,,,,,,
,,,,,,,,,,,,,,,,
,,,,,,,,,,,,,,,,
,,,,,,,,,,,,,,,,
,,,,,,,,,,,,,,,,
,,,,,,,,,,,,,,,,
,,,,,,,,,,,,,,,,
,,,,,,,,,,,,,,,,
,,,,,,,,,,,,,,,,
,,,,,,,,,,,,,,,,
,,,,,,,,,,,,,,,,
,,,,,,,,,,,,,,,,
,,,,,,,,,,,,,,,,
,,,,,,,,,,,,,,,,
,,,,,,,,,,,,,,,,
,,,,,,,,,,,,,,,,
,,,,,,,,,,,,,,,,
,,,,,,,,,,,,,,,,
,,,,,,,,,,,,,,,,
,,,,,,,,,,,,,,,,
,,,,,,,,,,,,,,,,
,,,,,,,,,,,,,,,,
,,,,,,,,,,,,,,,,
,,,,,,,,,,,,,,,,
,,,,,,,,,,,,,,,,
,,,,,,,,,,,,,,,,
,,,,,,,,,,,,,,,,
,,,,,,,,,,,,,,,,
,,,,,,,,,,,,,,,,
,,,,,,,,,,,,,,,,
,,,,,,,,,,,,,,,,
,,,,,,,,,,,,,,,,
,,,,,,,,,,,,,,,,
,,,,,,,,,,,,,,,,
,,,,,,,,,,,,,,,,
,,,,,,,,,,,,,,,,
,,,,,,,,,,,,,,,,
,,,,,,,,,,,,,,,,
,,,,,,,,,,,,,,,,
,,,,,,,,,,,,,,,,
,,,,,,,,,,,,,,,,
,,,,,,,,,,,,,,,,
,,,,,,,,,,,,,,,,
,,,,,,,,,,,,,,,,
,,,,,,,,,,,,,,,,
,,,,,,,,,,,,,,,,
,,,,,,,,,,,,,,,,
,,,,,,,,,,,,,,,,
,,,,,,,,,,,,,,,,
,,,,,,,,,,,,,,,,
,,,,,,,,,,,,,,,,
,,,,,,,,,,,,,,,,
,,,,,,,,,,,,,,,,
,,,,,,,,,,,,,,,,
,,,,,,,,,,,,,,,,
,,,,,,,,,,,,,,,,
,,,,,,,,,,,,,,,,
,,,,,,,,,,,,,,,,
,,,,,,,,,,,,,,,,
,,,,,,,,,,,,,,,,
,,,,,,,,,,,,,,,,
,,,,,,,,,,,,,,,,
,,,,,,,,,,,,,,,,
,,,,,,,,,,,,,,,,
,,,,,,,,,,,,,,,,
,,,,,,,,,,,,,,,,
,,,,,,,,,,,,,,,,
,,,,,,,,,,,,,,,,
,,,,,,,,,,,,,,,,
,,,,,,,,,,,,,,,,
,,,,,,,,,,,,,,,,
,,,,,,,,,,,,,,,,
,,,,,,,,,,,,,,,,
,,,,,,,,,,,,,,,,
,,,,,,,,,,,,,,,,
,,,,,,,,,,,,,,,,
,,,,,,,,,,,,,,,,
,,,,,,,,,,,,,,,,
,,,,,,,,,,,,,,,,
,,,,,,,,,,,,,,,,
,,,,,,,,,,,,,,,,
,,,,,,,,,,,,,,,,
,,,,,,,,,,,,,,,,
,,,,,,,,,,,,,,,,
,,,,,,,,,,,,,,,,
,,,,,,,,,,,,,,,,
,,,,,,,,,,,,,,,,
,,,,,,,,,,,,,,,,
,,,,,,,,,,,,,,,,
,,,,,,,,,,,,,,,,
,,,,,,,,,,,,,,,,
,,,,,,,,,,,,,,,,
,,,,,,,,,,,,,,,,
,,,,,,,,,,,,,,,,
,,,,,,,,,,,,,,,,
,,,,,,,,,,,,,,,,
,,,,,,,,,,,,,,,,
,,,,,,,,,,,,,,,,
,,,,,,,,,,,,,,,,
,,,,,,,,,,,,,,,,
,,,,,,,,,,,,,,,,
,,,,,,,,,,,,,,,,
,,,,,,,,,,,,,,,,
,,,,,,,,,,,,,,,,
,,,,,,,,,,,,,,,,
,,,,,,,,,,,,,,,,
,,,,,,,,,,,,,,,,
,,,,,,,,,,,,,,,,
,,,,,,,,,,,,,,,,
,,,,,,,,,,,,,,,,
,,,,,,,,,,,,,,,,
,,,,,,,,,,,,,,,,
,,,,,,,,,,,,,,,,
,,,,,,,,,,,,,,,,
,,,,,,,,,,,,,,,,
,,,,,,,,,,,,,,,,
,,,,,,,,,,,,,,,,
,,,,,,,,,,,,,,,,
,,,,,,,,,,,,,,,,
,,,,,,,,,,,,,,,,
,,,,,,,,,,,,,,,,
,,,,,,,,,,,,,,,,
,,,,,,,,,,,,,,,,
,,,,,,,,,,,,,,,,
,,,,,,,,,,,,,,,,
,,,,,,,,,,,,,,,,
,,,,,,,,,,,,,,,,
,,,,,,,,,,,,,,,,
,,,,,,,,,,,,,,,,
,,,,,,,,,,,,,,,,
,,,,,,,,,,,,,,,,
,,,,,,,,,,,,,,,,
,,,,,,,,,,,,,,,,
,,,,,,,,,,,,,,,,
,,,,,,,,,,,,,,,,
,,,,,,,,,,,,,,,,
,,,,,,,,,,,,,,,,
,,,,,,,,,,,,,,,,
,,,,,,,,,,,,,,,,
,,,,,,,,,,,,,,,,
,,,,,,,,,,,,,,,,
,,,,,,,,,,,,,,,,
,,,,,,,,,,,,,,,,
,,,,,,,,,,,,,,,,
,,,,,,,,,,,,,,,,
,,,,,,,,,,,,,,,,
,,,,,,,,,,,,,,,,
,,,,,,,,,,,,,,,,
,,,,,,,,,,,,,,,,
,,,,,,,,,,,,,,,,
,,,,,,,,,,,,,,,,
,,,,,,,,,,,,,,,,
,,,,,,,,,,,,,,,,
,,,,,,,,,,,,,,,,
,,,,,,,,,,,,,,,,
,,,,,,,,,,,,,,,,
,,,,,,,,,,,,,,,,
,,,,,,,,,,,,,,,,
,,,,,,,,,,,,,,,,
,,,,,,,,,,,,,,,,
,,,,,,,,,,,,,,,,
,,,,,,,,,,,,,,,,
,,,,,,,,,,,,,,,,
,,,,,,,,,,,,,,,,
,,,,,,,,,,,,,,,,
,,,,,,,,,,,,,,,,
,,,,,,,,,,,,,,,,
,,,,,,,,,,,,,,,,
,,,,,,,,,,,,,,,,
,,,,,,,,,,,,,,,,
,,,,,,,,,,,,,,,,
,,,,,,,,,,,,,,,,
,,,,,,,,,,,,,,,,
,,,,,,,,,,,,,,,,
,,,,,,,,,,,,,,,,
,,,,,,,,,,,,,,,,
,,,,,,,,,,,,,,,,
,,,,,,,,,,,,,,,,
,,,,,,,,,,,,,,,,
,,,,,,,,,,,,,,,,
,,,,,,,,,,,,,,,,
,,,,,,,,,,,,,,,,
,,,,,,,,,,,,,,,,
,,,,,,,,,,,,,,,,
,,,,,,,,,,,,,,,,
,,,,,,,,,,,,,,,,
,,,,,,,,,,,,,,,,
,,,,,,,,,,,,,,,,
,,,,,,,,,,,,,,,,
,,,,,,,,,,,,,,,,
,,,,,,,,,,,,,,,,
,,,,,,,,,,,,,,,,
,,,,,,,,,,,,,,,,
,,,,,,,,,,,,,,,,
,,,,,,,,,,,,,,,,
,,,,,,,,,,,,,,,,
,,,,,,,,,,,,,,,,
,,,,,,,,,,,,,,,,
,,,,,,,,,,,,,,,,
,,,,,,,,,,,,,,,,
,,,,,,,,,,,,,,,,
,,,,,,,,,,,,,,,,
,,,,,,,,,,,,,,,,
,,,,,,,,,,,,,,,,
,,,,,,,,,,,,,,,,
,,,,,,,,,,,,,,,,
,,,,,,,,,,,,,,,,
,,,,,,,,,,,,,,,,
,,,,,,,,,,,,,,,,
,,,,,,,,,,,,,,,,
,,,,,,,,,,,,,,,,
,,,,,,,,,,,,,,,,
,,,,,,,,,,,,,,,,
,,,,,,,,,,,,,,,,
,,,,,,,,,,,,,,,,
,,,,,,,,,,,,,,,,
,,,,,,,,,,,,,,,,
,,,,,,,,,,,,,,,,
,,,,,,,,,,,,,,,,
,,,,,,,,,,,,,,,,
,,,,,,,,,,,,,,,,
,,,,,,,,,,,,,,,,
,,,,,,,,,,,,,,,,
,,,,,,,,,,,,,,,,
,,,,,,,,,,,,,,,,
,,,,,,,,,,,,,,,,
,,,,,,,,,,,,,,,,
,,,,,,,,,,,,,,,,
,,,,,,,,,,,,,,,,
,,,,,,,,,,,,,,,,
,,,,,,,,,,,,,,,,
,,,,,,,,,,,,,,,,
,,,,,,,,,,,,,,,,
,,,,,,,,,,,,,,,,
,,,,,,,,,,,,,,,,
,,,,,,,,,,,,,,,,
,,,,,,,,,,,,,,,,
,,,,,,,,,,,,,,,,
,,,,,,,,,,,,,,,,
,,,,,,,,,,,,,,,,
,,,,,,,,,,,,,,,,
,,,,,,,,,,,,,,,,
,,,,,,,,,,,,,,,,
,,,,,,,,,,,,,,,,
,,,,,,,,,,,,,,,,
,,,,,,,,,,,,,,,,
,,,,,,,,,,,,,,,,
,,,,,,,,,,,,,,,,
,,,,,,,,,,,,,,,,
,,,,,,,,,,,,,,,,
,,,,,,,,,,,,,,,,
,,,,,,,,,,,,,,,,
,,,,,,,,,,,,,,,,
,,,,,,,,,,,,,,,,
,,,,,,,,,,,,,,,,
,,,,,,,,,,,,,,,,
,,,,,,,,,,,,,,,,
,,,,,,,,,,,,,,,,
,,,,,,,,,,,,,,,,
,,,,,,,,,,,,,,,,
,,,,,,,,,,,,,,,,
,,,,,,,,,,,,,,,,
,,,,,,,,,,,,,,,,
,,,,,,,,,,,,,,,,
,,,,,,,,,,,,,,,,
,,,,,,,,,,,,,,,,
,,,,,,,,,,,,,,,,
,,,,,,,,,,,,,,,,
,,,,,,,,,,,,,,,,
,,,,,,,,,,,,,,,,
,,,,,,,,,,,,,,,,
,,,,,,,,,,,,,,,,
,,,,,,,,,,,,,,,,
,,,,,,,,,,,,,,,,
,,,,,,,,,,,,,,,,
,,,,,,,,,,,,,,,,
,,,,,,,,,,,,,,,,
,,,,,,,,,,,,,,,,
,,,,,,,,,,,,,,,,
,,,,,,,,,,,,,,,,
,,,,,,,,,,,,,,,,
,,,,,,,,,,,,,,,,
,,,,,,,,,,,,,,,,
,,,,,,,,,,,,,,,,
,,,,,,,,,,,,,,,,
,,,,,,,,,,,,,,,,
