,sensor [Auto],,,,,,,
,CO2,Pressure,Temperature,Humidity,TC-Pressure,TC-Humidity,TC-Temperature,
05/20/26 15:56:57.415,,"1002",,,,,,
05/20/26 15:56:57.651,,,"24.2",,,,,
05/20/26 15:56:57.917,,,,"61.9",,,,
05/20/26 15:56:58.155,,,,,"1001",,,
05/20/26 15:56:58.405,,,,,,"65",,
05/20/26 15:56:58.655,,,,,,,"22.1",
05/20/26 15:57:29.370,"5700","1002","24.1","62","1001","65","22.1",
05/20/26 15:57:34.368,"4900","1002","24.1","61.9","1001","65","22.1",
05/20/26 15:57:39.368,"4200","1002","24.1","62.4","1001","65","22.1",
05/20/26 15:57:44.367,"3700","1002","24.1","62.7","1001","65","22.1",
05/20/26 15:57:49.367,"3300","1002","24.1","63","1001","66","22.1",
05/20/26 15:57:54.368,"3000","1002","24.1","62.9","1001","66","22.1",
05/20/26 15:57:59.368,"2800","1002","24.1","62.9","1001","66","22.1",
05/20/26 15:58:04.368,"2500","1002","24.1","62.7","1001","66","22.1",
05/20/26 15:58:09.368,"2300","1002","24.1","62.2","1001","65","22.1",
05/20/26 15:58:14.368,"2100","1002","24","62","1001","65","22.1",
05/20/26 15:58:19.368,"2100","1002","24","62.3","1001","65","22.1",
05/20/26 15:58:24.368,"2000","1002","24","62.5","1001","65","22.1",
05/20/26 15:58:26.399,"2000","1002","24","62.4","1001","65","22.1",
05/20/26 15:58:29.959,"1900","1002","24","62.4","1001","65","22.1",
05/20/26 15:58:34.959,"1800","1002","24","62.8","1001","65","22",
05/20/26 15:58:39.959,"1700","1002","24","62.4","1001","65","22",
05/20/26 15:58:44.959,"1600","1002","24","62.1","1001","65","22",
05/20/26 15:58:49.959,"1500","1002","24","62.5","1001","65","22",
05/20/26 15:58:54.958,"1500","1002","24","62.5","1001","65","22",
05/20/26 15:58:59.959,"1400","1002","23.9","62.5","1001","65","22",
05/20/26 15:59:04.959,"1300","1002","23.9","62.8","1001","65","22",
05/20/26 15:59:09.960,"1300","1002","24","63","1001","66","22",
05/20/26 15:59:14.959,"1200","1002","24","63","1001","66","22",
05/20/26 15:59:19.959,"1200","1002","24","63.1","1001","66","22",
05/20/26 15:59:24.959,"1100","1002","24","63","1001","66","22",
05/20/26 15:59:29.959,"1100","1002","24.1","62.9","1001","66","22",
05/20/26 15:59:34.959,"1100","1002","24.1","62.7","1001","66","22",
05/20/26 15:59:39.959,"1000","1002","24.1","62.6","1001","66","22",
05/20/26 15:59:44.959,"1000","1002","24.1","62.7","1001","66","22",
05/20/26 15:59:49.959,"900","1002","24.1","62.8","1001","66","22",
05/20/26 15:59:54.959,"900","1002","24.1","62.7","1001","66","22",
05/20/26 15:59:59.959,"900","1002","24.1","62.5","1001","66","22",
05/20/26 16:00:04.960,"800","1002","24.1","62.2","1001","65","22",
05/20/26 16:00:09.959,"800","1002","24.1","62.7","1001","66","22",
05/20/26 16:00:14.960,"800","1002","24","62.5","1001","65","22",
05/20/26 16:00:19.959,"700","1002","24","62.5","1001","65","22",
05/20/26 16:00:24.959,"700","1002","24","62.6","1001","65","22",
05/20/26 16:00:29.959,"700","1002","24","62.6","1001","65","22",
05/20/26 16:00:34.959,"700","1002","24","62.5","1001","65","22",
05/20/26 16:00:39.959,"700","1002","24","62.4","1001","65","22",
05/20/26 16:00:44.959,"700","1002","24","62.5","1001","65","22",
05/20/26 16:00:49.960,"700","1002","24","62.3","1001","65","22",
05/20/26 16:00:54.960,"700","1002","24","62.3","1001","65","22",
05/20/26 16:00:59.960,"700","1002","24","62.3","1001","65","22",
05/20/26 16:01:04.960,"600","1002","24","62.1","1001","65","22",
05/20/26 16:01:09.960,"700","1002","24","62.3","1001","65","22",
05/20/26 16:01:14.960,"600","1002","24","62.3","1001","65","22",
05/20/26 16:01:19.960,"600","1002","24","62.4","1001","65","22",
05/20/26 16:01:24.960,"600","1002","24","62.3","1001","65","22",
05/20/26 16:01:29.960,"600","1002","24","62.3","1001","65","22",
05/20/26 16:01:34.960,"600","1002","23.9","62.2","1001","65","22",
05/20/26 16:01:39.960,"600","1002","23.9","62.3","1001","65","22",
05/20/26 16:01:44.960,"600","1002","23.9","62.4","1001","65","22",
05/20/26 16:01:49.960,"600","1002","23.9","62.3","1001","65","22",
05/20/26 16:01:54.960,"600","1002","23.9","62.2","1001","65","22",
05/20/26 16:01:59.961,"600","1002","23.9","62.4","1001","65","21.9",
05/20/26 16:02:04.961,"600","1002","23.8","62.8","1001","65","21.9",
05/20/26 16:02:09.960,"600","1002","23.9","62.9","1001","65","21.9",
05/20/26 16:02:14.960,"600","1002","23.8","62.9","1001","65","21.9",
05/20/26 16:02:19.960,"600","1002","23.8","63.4","1001","66","21.9",
05/20/26 16:02:24.960,"600","1002","23.8","63","1001","66","21.9",
05/20/26 16:02:29.961,"600","1002","23.8","63","1001","65","21.9",
05/20/26 16:02:34.961,"600","1002","23.9","63.3","1001","66","21.9",
05/20/26 16:02:39.961,"600","1002","23.9","63.3","1001","66","21.9",
05/20/26 16:02:44.960,"600","1002","23.9","63.6","1001","66","21.9",
05/20/26 16:02:49.961,"600","1002","23.9","63.2","1001","66","21.9",
05/20/26 16:02:54.961,"500","1002","23.9","63.2","1001","66","21.9",
05/20/26 16:02:59.960,"500","1002","23.9","62.9","1001","66","21.9",
05/20/26 16:03:04.960,"500","1002","23.8","62.9","1001","66","21.9",
05/20/26 16:03:09.960,"500","1002","23.8","62.9","1001","66","21.9",
05/20/26 16:03:14.961,"500","1002","23.8","62.9","1001","66","21.9",
05/20/26 16:03:19.960,"500","1002","23.8","62.9","1001","66","21.9",
05/20/26 16:03:24.961,"500","1002","23.8","63","1001","66","21.9",
05/20/26 16:03:29.961,"500","1002","23.8","63","1001","66","21.9",
05/20/26 16:03:34.961,"500","1002","23.8","63.3","1001","66","21.9",
05/20/26 16:03:39.960,"500","1002","23.8","63.2","1001","66","21.9",
05/20/26 16:03:44.960,"500","1002","23.8","63.5","1001","66","21.9",
05/20/26 16:03:49.961,"500","1002","23.9","63.5","1001","66","21.9",
05/20/26 16:03:54.961,"500","1002","23.9","63.2","1001","66","21.9",
05/20/26 16:03:59.961,"500","1002","23.8","63.1","1001","66","21.9",
05/20/26 16:04:04.961,"500","1002","23.8","63.2","1001","66","21.9",
05/20/26 16:04:09.961,"500","1002","23.8","62.9","1001","65","21.9",
05/20/26 16:04:14.961,"500","1002","23.8","62.8","1001","65","21.9",
05/20/26 16:04:19.961,"500","1002","23.8","62.9","1001","65","21.9",
05/20/26 16:04:24.961,"500","1002","23.8","62.8","1001","65","21.9",
05/20/26 16:04:29.961,"500","1002","23.9","62.9","1001","66","21.9",
05/20/26 16:04:34.961,"500","1002","23.9","63.2","1001","66","21.9",
05/20/26 16:04:39.962,"400","1002","23.9","63.4","1001","66","21.9",
05/20/26 16:04:44.961,"400","1002","23.8","63.1","1001","66","21.9",
05/20/26 16:04:49.962,"400","1002","23.9","62.7","1001","65","21.9",
05/20/26 16:04:54.961,"500","1002","23.9","62.6","1001","65","21.9",
05/20/26 16:04:59.961,"500","1002","23.9","63.2","1001","66","21.9",
05/20/26 16:05:04.961,"500","1002","23.9","63.1","1001","66","21.9",
05/20/26 16:05:09.961,"500","1002","23.9","62.9","1001","66","21.9",
05/20/26 16:05:14.962,"400","1002","23.9","62.7","1001","66","21.9",
05/20/26 16:05:19.962,"400","1002","23.9","62.9","1001","66","21.9",
05/20/26 16:05:24.961,"400","1002","23.9","62.7","1001","66","21.9",
05/20/26 16:05:29.961,"400","1002","23.9","62.5","1001","65","21.9",
05/20/26 16:05:34.962,"400","1002","23.9","62.6","1001","66","21.9",
05/20/26 16:05:39.961,"400","1002","23.9","62.6","1001","65","21.9",
05/20/26 16:05:44.961,"400","1002","23.9","62.4","1001","65","21.9",
05/20/26 16:05:49.962,"400","1002","23.8","62.6","1001","65","21.9",
05/20/26 16:05:54.961,"400","1002","23.8","62.7","1001","66","21.9",
05/20/26 16:05:59.962,"400","1002","23.8","62.5","1001","65","21.9",
05/20/26 16:06:04.962,"400","1002","23.8","62.7","1001","66","21.9",
05/20/26 16:06:09.962,"400","1002","23.8","62.9","1001","66","21.8",
05/20/26 16:06:14.962,"400","1002","23.8","63","1001","66","21.9",
05/20/26 16:06:19.962,"400","1002","23.8","62.8","1001","66","21.8",
05/20/26 16:06:24.962,"400","1002","23.8","62.5","1001","65","21.8",
05/20/26 16:06:29.962,"400","1002","23.8","62.5","1001","65","21.8",
05/20/26 16:06:35.001,"400","1002","23.8","62.6","1001","65","21.8",
05/20/26 16:06:40.046,"400","1002","23.8","62.9","1001","65","21.8",
05/20/26 16:06:45.109,"400","1002","23.8","63.2","1001","66","21.8",
05/20/26 16:06:50.193,"400","1002","23.8","63.2","1001","66","21.8",
05/20/26 16:06:55.358,"400","1002","23.8","62.6","1001","65","21.8",
05/20/26 16:07:00.480,"400","1002","23.8","62.8","1001","66","21.8",
05/20/26 16:07:05.681,"400","1002","23.8","63.2","1001","66","21.8",
05/20/26 16:07:10.923,"400","1002","23.9","63.4","1001","66","21.8",
05/20/26 16:07:16.207,"400","1002","23.9","63.2","1001","66","21.8",
05/20/26 16:07:21.548,"400","1002","23.9","63","1001","66","21.8",
05/20/26 16:07:26.866,"400","1002","23.9","63.4","1001","66","21.8",
05/20/26 16:07:32.182,"400","1002","23.9","63.1","1001","66","21.8",
05/20/26 16:07:37.533,"400","1002","23.9","63","1001","66","21.8",
05/20/26 16:07:42.917,"400","1002","24","63.1","1001","66","21.8",
05/20/26 16:07:48.243,"400","1002","24","62.8","1001","66","21.9",
05/20/26 16:07:53.601,"400","1002","24","62.9","1001","66","21.9",
05/20/26 16:07:59.068,"300","1002","24","63","1001","66","21.9",
05/20/26 16:08:04.577,"300","1002","24","63","1001","66","21.9",
05/20/26 16:08:10.123,"400","1002","24","62.9","1001","66","21.9",
05/20/26 16:08:15.709,"400","1002","24","62.5","1001","66","21.9",
05/20/26 16:08:21.368,"400","1002","24.1","62.1","1001","66","21.9",
05/20/26 16:08:27.008,"400","1002","24.1","61.9","1001","66","21.9",
05/20/26 16:08:32.680,"300","1002","24.1","62.1","1001","66","21.9",
05/20/26 16:08:38.374,"400","1002","24.2","62.2","1001","66","21.9",
05/20/26 16:08:44.090,"300","1002","24.2","62.1","1001","66","21.9",
05/20/26 16:08:49.913,"300","1002","24.2","62.3","1001","66","22",
05/20/26 16:08:55.726,"300","1002","24.2","62.4","1001","66","22",
05/20/26 16:09:01.588,"300","1002","24.2","62.3","1001","66","22",
05/20/26 16:09:07.443,"300","1002","24.2","62.5","1001","66","22",
05/20/26 16:09:13.401,"300","1002","24.2","62.5","1001","66","22",
05/20/26 16:09:19.364,"300","1002","24.1","62.2","1001","66","22",
05/20/26 16:09:25.321,"300","1002","24.1","62.3","1001","66","22",
05/20/26 16:09:31.373,"300","1002","24.1","62.2","1001","66","22",
05/20/26 16:09:37.441,"300","1002","24.1","62.4","1001","66","22",
05/20/26 16:09:43.570,"300","1002","24.1","62.3","1001","66","22",
05/20/26 16:09:49.707,"300","1002","24","62.5","1001","66","22",
05/20/26 16:09:55.855,"300","1002","24.1","62.6","1001","66","22",
05/20/26 16:10:02.004,"300","1002","24.1","62.7","1001","66","22",
05/20/26 16:10:08.217,"300","1002","24.1","62.4","1001","66","22",
05/20/26 16:10:14.525,"300","1002","24.1","62.5","1001","66","22",
05/20/26 16:10:20.755,"300","1002","24.1","62.5","1001","66","22",
05/20/26 16:10:27.062,"300","1002","24.1","62.5","1001","66","22",
05/20/26 16:10:33.412,"300","1002","24.1","62.6","1001","66","22",
05/20/26 16:10:39.884,"300","1002","24.1","62.5","1001","66","22",
05/20/26 16:10:46.279,"300","1002","24.1","62.2","1001","65","22",
05/20/26 16:10:52.782,"200","1002","24.1","62.1","1001","65","22",
05/20/26 16:10:59.265,"200","1002","24.1","62","1001","65","22",
05/20/26 16:11:05.803,"200","1002","24.1","62.3","1001","66","22",
05/20/26 16:11:12.463,"200","1002","24.1","62.7","1001","66","22",
05/20/26 16:11:19.069,"200","1002","24.1","62.7","1001","66","22",
05/20/26 16:11:25.744,"300","1002","24.2","62.4","1001","66","22",
05/20/26 16:11:32.443,"200","1002","24.1","62.7","1001","66","22",
05/20/26 16:11:39.191,"300","1002","24.1","62.4","1001","66","22",
05/20/26 16:11:45.953,"200","1002","24.2","62","1001","66","22",
05/20/26 16:11:52.771,"200","1002","24.2","61.9","1001","65","22",
05/20/26 16:11:59.576,"300","1002","24.1","62.2","1001","65","22",
05/20/26 16:12:06.407,"200","1002","24.1","62.1","1001","65","22",
05/20/26 16:12:13.262,"200","1002","24.1","62.3","1001","66","22",
05/20/26 16:12:20.181,"200","1002","24.1","62.6","1001","66","22",
05/20/26 16:12:27.132,"200","1002","24.1","62.6","1001","66","22",
05/20/26 16:12:34.135,"200","1002","24.1","62.3","1001","66","22",
05/20/26 16:12:41.194,"200","1002","24.1","62.1","1001","65","22",
05/20/26 16:12:48.297,"300","1002","24.2","62.6","1001","66","22",
05/20/26 16:12:55.353,"300","1002","24.2","62.5","1001","66","22",
05/20/26 16:13:02.468,"200","1002","24.2","62.4","1001","66","22",
05/20/26 16:13:09.616,"200","1002","24.2","62.3","1001","66","22",
05/20/26 16:13:16.789,"200","1002","24.2","62","1001","65","22.1",
05/20/26 16:13:24.043,"200","1002","24.2","62.1","1001","65","22",
05/20/26 16:13:31.361,"200","1002","24.2","62.4","1001","66","22",
05/20/26 16:13:38.710,"200","1002","24.1","62.1","1001","65","22",
05/20/26 16:13:46.053,"300","1002","24.1","61.8","1001","65","22",
05/20/26 16:13:53.499,"200","1002","24","62","1001","65","22",
05/20/26 16:14:00.902,"200","1002","24","62.2","1001","65","22",
05/20/26 16:14:08.319,"200","1002","24","62.2","1001","65","22",
05/20/26 16:14:15.865,"200","1002","24","62.4","1001","65","22",
05/20/26 16:14:23.472,"200","1002","24","62.4","1001","65","22",
05/20/26 16:14:31.104,"200","1002","24","62.5","1001","65","22",
05/20/26 16:14:38.715,"200","1002","24","62.8","1001","66","22",
05/20/26 16:14:46.414,"200","1002","24","63.1","1001","66","22",
05/20/26 16:14:54.056,"200","1002","24.1","62.8","1001","66","22",
05/20/26 16:15:01.753,"100","1002","24.1","62.6","1001","66","22",
05/20/26 16:15:09.434,"200","1002","24.1","62.3","1001","66","22",
05/20/26 16:15:17.200,"100","1002","24.1","62.3","1001","66","22",
05/20/26 16:15:25.027,"200","1002","24.1","62.3","1001","66","22",
05/20/26 16:15:32.812,"200","1002","24.1","62.6","1001","66","22",
05/20/26 16:15:40.623,"200","1002","24.1","62.7","1001","66","22",
05/20/26 16:15:48.504,"200","1002","24.1","62.3","1001","66","22",
05/20/26 16:15:56.453,"200","1002","24.1","62.2","1001","66","22",
05/20/26 16:16:04.345,"200","1002","24.1","62.2","1001","66","22",
05/20/26 16:16:12.291,"200","1002","24.2","62.2","1001","66","22",
05/20/26 16:16:20.241,"100","1002","24.2","62","1001","66","22",
05/20/26 16:16:28.227,"200","1002","24.2","61.9","1001","66","22",
05/20/26 16:16:36.261,"200","1002","24.2","61.8","1001","65","22",
05/20/26 16:16:44.300,"200","1002","24.2","61.9","1001","65","22",
05/20/26 16:16:52.321,"200","1002","24.1","61.7","1001","65","22",
05/20/26 16:17:00.438,"200","1002","24.1","61.7","1001","65","22",
05/20/26 16:17:08.574,"100","1002","24.1","62.2","1001","66","22",
05/20/26 16:17:16.726,"100","1002","24.1","61.9","1001","65","22",
05/20/26 16:17:24.899,"200","1002","24.1","62","1001","65","22",
05/20/26 16:17:33.078,"200","1002","24.1","62.2","1001","65","22",
05/20/26 16:17:41.297,"200","1002","24.1","62.5","1001","66","22",
05/20/26 16:17:49.567,"100","1002","24.1","62.1","1001","65","22",
05/20/26 16:17:57.878,"100","1002","24.1","62.3","1001","65","22",
05/20/26 16:18:06.188,"200","1002","24","62.1","1001","65","22",
05/20/26 16:18:14.488,"200","1002","24","62.5","1001","66","22",
05/20/26 16:18:22.857,"200","1002","24","62.5","1001","66","22",
05/20/26 16:18:31.225,"200","1002","24","62.8","1001","66","22",
05/20/26 16:18:39.657,"200","1002","24","62.5","1001","66","22",
05/20/26 16:18:48.076,"200","1002","24","62.6","1001","65","22",
05/20/26 16:18:56.643,"100","1002","23.9","62","1001","65","22",
05/20/26 16:19:05.136,"100","1002","23.9","62.2","1001","65","22",
05/20/26 16:19:13.662,"100","1002","23.9","62.5","1001","65","22",
05/20/26 16:19:22.302,"200","1002","23.9","62.4","1001","65","22",
05/20/26 16:19:30.935,"100","1002","23.8","62.3","1001","65","21.9",
05/20/26 16:19:39.524,"200","1002","23.8","62.6","1001","65","21.9",
05/20/26 16:19:48.215,"200","1002","23.8","63.1","1001","65","21.9",
05/20/26 16:19:56.947,"100","1002","23.8","62.9","1001","65","21.9",
05/20/26 16:20:05.668,"100","1002","23.8","63","1001","66","21.9",
05/20/26 16:20:14.416,"100","1002","23.8","62.6","1001","65","21.9",
05/20/26 16:20:23.210,"100","1002","23.8","62.4","1001","65","21.9",
05/20/26 16:20:32.020,"100","1002","23.8","62.5","1001","65","21.9",
05/20/26 16:20:40.836,"100","1002","23.8","62.9","1001","65","21.9",
05/20/26 16:20:49.669,"100","1002","23.8","62.7","1001","65","21.9",
05/20/26 16:20:58.545,"100","1002","23.8","62.9","1001","65","21.9",
05/20/26 16:21:07.506,"100","1002","23.8","63","1001","66","21.9",
05/20/26 16:21:16.440,"100","1002","23.8","63.6","1001","66","21.9",
05/20/26 16:21:25.402,"100","1002","23.8","63.2","1001","66","21.9",
05/20/26 16:21:34.403,"100","1002","23.9","63","1001","66","21.9",
05/20/26 16:21:43.462,"100","1002","23.9","62.8","1001","66","21.9",
05/20/26 16:21:52.482,"100","1002","23.9","63.1","1001","66","21.9",
05/20/26 16:22:01.519,"100","1002","23.9","63.1","1001","66","21.9",
05/20/26 16:22:10.616,"0","1002","24","63.2","1001","66","21.9",
05/20/26 16:22:19.710,"0","1002","24","63.2","1001","66","21.9",
05/20/26 16:22:28.857,"100","1002","24","63","1001","66","21.9",
05/20/26 16:22:38.032,"100","1002","24","63.2","1001","66","21.9",
05/20/26 16:22:47.253,"100","1002","24","62.5","1001","66","21.9",
05/20/26 16:22:56.505,"100","1002","23.9","62.9","1001","66","21.9",
05/20/26 16:23:05.802,"100","1002","24","63.1","1001","66","21.9",
05/20/26 16:23:15.082,"100","1002","24","62.8","1001","66","21.9",
05/20/26 16:23:24.424,"100","1002","23.9","62.9","1001","66","21.9",
05/20/26 16:23:33.743,"100","1002","23.9","63.1","1001","66","21.9",
05/20/26 16:23:43.096,"100","1002","23.9","63.2","1001","66","21.9",
05/20/26 16:23:52.447,"100","1002","23.9","63.3","1001","66","21.9",
05/20/26 16:24:01.872,"100","1002","23.9","63.2","1001","66","21.9",
05/20/26 16:24:11.288,"100","1002","23.9","62.6","1001","66","21.9",
05/20/26 16:24:20.765,"0","1002","23.9","62.6","1001","65","21.9",
05/20/26 16:24:30.287,"0","1002","23.8","62.4","1001","65","21.9",
05/20/26 16:24:39.823,"0","1002","23.8","63.2","1001","66","21.9",
05/20/26 16:24:49.387,"100","1002","23.8","63.3","1001","66","21.9",
05/20/26 16:24:58.938,"100","1002","23.9","63.5","1001","66","21.9",
05/20/26 16:25:08.537,"0","1002","23.9","63.2","1001","66","21.9",
05/20/26 16:25:18.646,"100","1002","23.9","62.8","1001","66","21.9",
05/20/26 16:25:28.947,"0","1002","23.9","62.8","1001","66","21.9",
05/20/26 16:25:39.380,"100","1002","23.9","62.8","1001","66","21.9",
05/20/26 16:25:49.716,"100","1002","23.9","62.9","1001","66","21.9",
05/20/26 16:26:00.084,"100","1002","23.9","63","1001","66","21.9",
05/20/26 16:26:10.557,"100","1002","23.9","63.1","1001","66","21.9",
05/20/26 16:26:20.231,"100","1002","23.9","63","1001","66","21.9",
05/20/26 16:26:29.704,"500","1002","23.9","63","1001","66","21.9",
05/20/26 16:26:40.425,"4900","1002","23.9","63.1","1001","66","21.9",
05/20/26 16:26:50.960,"12300","1002","23.9","63.3","1001","66","21.9",
05/20/26 16:27:00.877,"20400","1002","23.9","63.3","1001","66","21.9",
05/20/26 16:27:10.776,"28100","1002","23.9","63.3","1001","66","21.9",
05/20/26 16:27:20.770,"34300","1002","24","63.1","1001","66","21.9",
05/20/26 16:27:30.802,"38400","1002","24","63.1","1001","66","21.9",
05/20/26 16:27:40.807,"40700","1002","24","62.4","1001","66","21.9",
05/20/26 16:27:50.861,"41600","1002","24","62.3","1001","66","21.9",
05/20/26 16:28:00.867,"42300","1002","24","62.9","1001","66","21.9",
05/20/26 16:28:11.003,"42300","1002","24","62.8","1001","66","21.9",
05/20/26 16:28:21.110,"42900","1002","24","62.8","1001","66","21.9",
05/20/26 16:28:31.306,"42800","1002","24","62.4","1001","65","21.9",
05/20/26 16:28:41.536,"42900","1002","24","62.6","1001","66","21.9",
05/20/26 16:28:51.744,"42800","1002","24","62.7","1001","66","21.9",
05/20/26 16:29:02.017,"43000","1002","24","62.4","1001","65","21.9",
05/20/26 16:29:12.323,"43200","1002","23.9","62.5","1001","66","21.9",
05/20/26 16:29:22.729,"43300","1002","23.9","62.5","1001","65","21.9",
05/20/26 16:29:33.166,"43600","1002","23.9","62.8","1001","66","21.9",
05/20/26 16:29:43.680,"43600","1002","23.9","62.7","1001","65","21.9",
05/20/26 16:29:54.155,"43800","1002","23.9","62.5","1001","65","21.9",
05/20/26 16:30:04.622,"43700","1002","23.9","62.7","1001","66","21.9",
05/20/26 16:30:15.203,"43700","1002","23.9","62.4","1001","65","21.9",
05/20/26 16:30:25.735,"44000","1002","24","62.3","1001","65","21.9",
05/20/26 16:30:36.358,"44100","1002","23.9","62","1001","65","21.9",
05/20/26 16:30:46.968,"44100","1002","23.9","62.5","1001","65","21.9",
05/20/26 16:30:57.578,"44000","1002","23.8","62.5","1001","65","21.9",
05/20/26 16:31:08.239,"44200","1002","23.8","62.6","1001","65","21.9",
05/20/26 16:31:18.968,"43900","1002","23.8","62.8","1001","65","21.9",
05/20/26 16:31:29.745,"44300","1002","23.8","62.8","1001","65","21.9",
05/20/26 16:31:40.516,"44000","1002","23.7","62.8","1001","65","21.9",
05/20/26 16:31:51.291,"43900","1002","23.7","63.1","1001","65","21.8",
05/20/26 16:32:02.146,"44000","1002","23.8","63.1","1001","66","21.8",
05/20/26 16:32:12.999,"44200","1002","23.8","63","1001","66","21.8",
05/20/26 16:32:24.242,"44400","1002","23.9","63","1001","66","21.9",
05/20/26 16:32:35.905,"44300","1002","23.9","62.5","1001","66","21.9",
05/20/26 16:32:47.785,"43900","1002","23.9","62.7","1001","66","21.9",
05/20/26 16:32:59.613,"44200","1002","23.9","62.7","1001","66","21.9",
05/20/26 16:33:11.532,"44400","1002","23.9","62.5","1001","66","21.9",
05/20/26 16:33:23.325,"44600","1002","23.8","62.6","1001","66","21.9",
05/20/26 16:33:35.211,"44300","1002","23.8","63","1001","66","21.8",
05/20/26 16:33:47.268,"44200","1002","23.8","63.1","1001","66","21.9",
05/20/26 16:33:59.333,"44500","1002","23.8","62.6","1001","65","21.8",
05/20/26 16:34:11.246,"46400","1002","23.8","62.9","1001","66","21.8",
05/20/26 16:34:22.392,"51800","1002","23.8","63","1001","66","21.8",
05/20/26 16:34:34.018,"56100","1002","23.8","63.1","1001","66","21.8",
05/20/26 16:34:45.893,"58500","1002","23.8","62.9","1001","66","21.8",
05/20/26 16:34:57.954,"59600","1002","23.9","62.7","1001","66","21.9",
05/20/26 16:35:09.068,"60100","1002","23.9","62.6","1001","66","21.9",
05/20/26 16:35:20.902,"57200","1002","23.9","62.4","1001","66","21.9",
05/20/26 16:35:33.061,"54900","1002","23.9","62.2","1001","65","21.8",
05/20/26 16:35:44.017,"54100","1002","23.9","62.4","1001","66","21.8",
05/20/26 16:35:55.439,"54100","1002","23.9","62.9","1001","66","21.8",
05/20/26 16:36:07.852,"53700","1002","23.9","63.2","1001","66","21.9",
05/20/26 16:36:19.512,"52700","1002","23.9","62.9","1001","66","21.8",
05/20/26 16:36:30.636,"50300","1002","23.9","62.5","1001","66","21.9",
05/20/26 16:36:42.121,"48700","1002","23.9","62.8","1001","66","21.8",
05/20/26 16:36:53.201,"48300","1002","23.9","62.8","1001","66","21.9",
05/20/26 16:37:04.336,"48100","1002","23.9","62.1","1001","66","21.9",
05/20/26 16:37:16.371,"47900","1002","23.9","62.4","1001","65","21.8",
05/20/26 16:37:28.352,"47900","1002","23.9","62.5","1001","66","21.8",
05/20/26 16:37:40.697,"47900","1002","23.8","62.8","1001","66","21.8",
05/20/26 16:37:53.260,"47900","1002","23.9","62.8","1001","66","21.8",
05/20/26 16:38:06.006,"47800","1002","23.9","62.5","1001","66","21.8",
05/20/26 16:38:18.141,"47500","1002","23.9","63","1001","66","21.8",
05/20/26 16:38:30.908,"47600","1002","23.9","63.1","1001","66","21.8",
05/20/26 16:38:42.871,"48500","1002","23.9","63.1","1001","66","21.9",
05/20/26 16:38:54.284,"51100","1002","23.9","62.6","1001","66","21.9",
05/20/26 16:39:06.120,"53000","1002","23.9","62.6","1001","66","21.9",
05/20/26 16:39:18.801,"53800","1002","23.9","62.9","1001","66","21.9",
05/20/26 16:39:31.550,"53900","1002","23.9","62.7","1001","66","21.9",
05/20/26 16:39:43.607,"53800","1002","23.9","62.7","1002","66","21.9",
05/20/26 16:39:55.166,"51300","1002","23.8","62.1","1001","65","21.8",
05/20/26 16:40:06.605,"48800","1002","23.8","62.3","1002","65","21.8",
05/20/26 16:40:18.206,"47400","1002","23.8","62.6","1002","65","21.8",
05/20/26 16:40:30.467,"46900","1002","23.8","62.8","1002","66","21.8",
05/20/26 16:40:43.518,"46600","1002","23.7","62.5","1002","65","21.8",
05/20/26 16:40:56.626,"46700","1003","23.7","62.6","1002","65","21.8",
05/20/26 16:41:09.598,"47100","1003","23.8","63","1002","66","21.8",
05/20/26 16:41:22.661,"47200","1002","23.8","62.9","1002","66","21.8",
05/20/26 16:41:35.856,"47000","1002","23.8","62.7","1002","66","21.8",
05/20/26 16:41:49.034,"47300","1003","23.9","62.5","1002","66","21.8",
05/20/26 16:42:02.089,"47400","1002","23.8","62.4","1002","65","21.8",
05/20/26 16:42:13.967,"47100","1002","23.8","62.3","1002","65","21.8",
05/20/26 16:42:25.870,"47400","1003","23.8","62.6","1002","65","21.8",
05/20/26 16:42:37.788,"47400","1002","23.8","62.2","1001","65","21.8",
05/20/26 16:42:49.782,"47100","1003","23.7","62.9","1002","66","21.8",
05/20/26 16:43:01.894,"46900","1002","23.8","62.8","1002","66","21.8",
05/20/26 16:43:13.920,"47300","1003","23.8","63.1","1002","66","21.8",
05/20/26 16:43:26.576,"47300","1002","23.8","62.7","1002","66","21.8",
05/20/26 16:43:39.955,"47200","1002","23.8","62.1","1002","65","21.7",
05/20/26 16:43:53.437,"47300","1002","23.7","62.6","1002","65","21.7",
05/20/26 16:44:07.145,"47300","1002","23.7","62.6","1002","65","21.7",
05/20/26 16:44:20.894,"47700","1002","23.7","62.4","1001","65","21.7",
05/20/26 16:44:34.582,"47300","1002","23.7","62.6","1002","66","21.7",
05/20/26 16:44:47.351,"47200","1002","23.7","62.6","1001","65","21.7",
05/20/26 16:44:59.553,"47200","1002","23.7","62.5","1001","65","21.7",
05/20/26 16:45:11.932,"47100","1002","23.7","62.9","1001","66","21.7",
05/20/26 16:45:24.469,"47300","1002","23.7","62.8","1001","66","21.7",
05/20/26 16:45:36.878,"47300","1002","23.7","63","1001","66","21.7",
05/20/26 16:45:50.000,"47600","1002","23.7","62.5","1001","65","21.7",
05/20/26 16:46:03.958,"47300","1002","23.8","62.5","1001","66","21.7",
05/20/26 16:46:17.688,"47100","1002","23.8","62.4","1001","65","21.7",
05/20/26 16:46:30.195,"47400","1002","23.8","62.6","1001","65","21.7",
05/20/26 16:46:42.778,"47700","1002","23.8","62.4","1001","65","21.7",
05/20/26 16:46:56.841,"47400","1002","23.7","62.4","1001","65","21.7",
05/20/26 16:47:10.919,"47400","1002","23.7","62.7","1001","66","21.7",
05/20/26 16:47:25.068,"47700","1002","23.7","63","1001","66","21.7",
05/20/26 16:47:37.736,"49200","1002","23.7","63","1001","66","21.7",
05/20/26 16:47:50.410,"49300","1002","23.7","62.7","1001","66","21.7",
05/20/26 16:48:03.100,"49600","1002","23.7","63","1001","66","21.7",
05/20/26 16:48:15.856,"49700","1002","23.7","62.6","1001","65","21.7",
05/20/26 16:48:28.638,"49900","1002","23.7","63","1001","66","21.7",
05/20/26 16:48:41.420,"50100","1002","23.7","63.1","1001","66","21.7",
05/20/26 16:48:54.243,"49500","1002","23.7","63.2","1001","66","21.7",
05/20/26 16:49:07.118,"49800","1002","23.8","63.1","1001","66","21.7",
05/20/26 16:49:19.973,"49800","1002","23.8","63","1001","66","21.7",
05/20/26 16:49:32.896,"50300","1002","23.8","62.6","1001","66","21.7",
05/20/26 16:49:45.833,"50300","1002","23.9","62.1","1001","65","21.7",
05/20/26 16:49:58.791,"50300","1002","23.8","62","1001","65","21.7",
05/20/26 16:50:11.792,"50000","1002","23.8","62.1","1001","65","21.7",
05/20/26 16:50:24.812,"50000","1002","23.9","61.9","1001","65","21.7",
05/20/26 16:50:37.803,"50100","1002","24","61.4","1001","65","21.8",
05/20/26 16:50:50.857,"50000","1002","24.1","61.4","1001","65","21.8",
05/20/26 16:51:04.007,"49700","1002","24.1","61.2","1001","65","21.8",
05/20/26 16:51:17.141,"50000","1002","24.1","61.1","1001","65","21.8",
05/20/26 16:51:30.368,"49800","1002","24.2","60.8","1001","65","21.8",
05/20/26 16:51:43.919,"50000","1002","24.2","60.4","1001","65","21.9",
05/20/26 16:51:57.410,"50000","1002","24.3","60.3","1001","65","21.9",
05/20/26 16:52:10.776,"50500","1002","24.3","60.3","1001","65","21.9",
05/20/26 16:52:24.091,"50000","1002","24.3","60.2","1001","65","21.9",
05/20/26 16:52:37.417,"49700","1002","24.4","60.1","1001","65","21.9",
05/20/26 16:52:50.907,"49900","1002","24.4","60","1001","65","22",
05/20/26 16:53:04.441,"50100","1002","24.4","59.9","1001","64","22",
05/20/26 16:53:17.969,"49300","1002","24.5","59.6","1001","64","22",
05/20/26 16:53:31.384,"49300","1002","24.5","59.4","1001","64","22",
05/20/26 16:53:44.702,"49000","1002","24.5","59.5","1001","64","22",
05/20/26 16:53:58.262,"23800","1002","24.5","59.6","1001","64","22.1",
05/20/26 16:54:12.409,"8600","1002","24.6","59.7","1001","64","22.1",
05/20/26 16:54:26.109,"3800","1002","24.6","59.5","1001","64","22.1",
05/20/26 16:54:40.005,"2000","1002","24.6","59.4","1001","64","22.1",
05/20/26 16:54:54.021,"1400","1002","24.6","59","1001","64","22.2",
05/20/26 16:55:07.907,"1100","1002","24.7","59.1","1001","64","22.2",
05/20/26 16:55:21.864,"900","1002","24.7","59","1001","64","22.2",
05/20/26 16:55:35.801,"700","1002","24.7","59.2","1001","64","22.2",
05/20/26 16:55:49.861,"700","1002","24.7","59","1001","64","22.2",
05/20/26 16:56:03.986,"600","1002","24.7","59.1","1001","64","22.2",
05/20/26 16:56:18.061,"600","1002","24.7","58.9","1001","64","22.2",
05/20/26 16:56:32.070,"500","1002","24.7","59","1001","64","22.3",
05/20/26 16:56:46.328,"500","1002","24.7","59","1001","64","22.3",
05/20/26 16:57:01.791,"300","1002","24.7","59.4","1001","64","22.3",
05/20/26 16:57:17.369,"200","1002","24.8","59.2","1001","64","22.3",
05/20/26 16:57:32.993,"200","1002","24.8","59.1","1001","64","22.3",
05/20/26 16:57:48.425,"100","1002","24.8","59.4","1001","64","22.3",
05/20/26 16:58:04.055,"0","1002","24.8","59.1","1001","64","22.4",
05/20/26 16:58:19.852,"0","1002","24.8","59","1001","64","22.4",
05/20/26 16:58:35.599,"0","1002","24.8","59","1001","64","22.4",
05/20/26 16:58:51.258,"0","1002","24.9","59.2","1001","64","22.4",
05/20/26 16:59:06.810,"0","1002","24.9","59.2","1001","64","22.4",
05/20/26 16:59:22.039,"0","1002","24.9","59","1001","64","22.4",
05/20/26 16:59:37.738,"0","1002","24.9","58.9","1001","64","22.4",
05/20/26 16:59:53.083,"0","1002","24.9","58.9","1001","63","22.4",
05/20/26 17:00:08.512,"0","1002","24.9","58.9","1001","63","22.5",
05/20/26 17:00:23.346,"0","1002","24.9","59","1001","63","22.5",
05/20/26 17:00:39.219,"0","1002","24.9","59","1001","63","22.5",
05/20/26 17:00:55.203,"0","1002","24.9","58.9","1001","63","22.5",
05/20/26 17:01:11.197,"0","1002","24.9","59","1001","63","22.5",
05/20/26 17:01:27.024,"0","1002","24.9","59.3","1001","64","22.5",
05/20/26 17:01:43.140,"0","1002","25","59.3","1001","64","22.5",
05/20/26 17:01:59.065,"0","1002","25","59.2","1001","64","22.5",
05/20/26 17:02:15.150,"0","1002","25","59.4","1001","64","22.5",
05/20/26 17:02:31.344,"0","1002","25","59.6","1001","64","22.6",
05/20/26 17:02:47.516,"0","1002","25","59.7","1001","64","22.6",
05/20/26 17:03:03.832,"0","1002","25","59.7","1001","64","22.6",
05/20/26 17:03:20.186,"0","1002","25","59.4","1001","64","22.6",
05/20/26 17:03:36.386,"0","1002","25","59.5","1001","64","22.6",
05/20/26 17:03:52.681,"0","1002","25","59.6","1001","64","22.6",
05/20/26 17:04:08.679,"0","1002","25","59.6","1001","64","22.6",
05/20/26 17:04:24.243,"0","1002","25","59.7","1002","64","22.6",
05/20/26 17:04:39.868,"0","1002","25.1","59.6","1001","64","22.6",
05/20/26 17:04:55.981,"0","1002","25.1","60","1001","64","22.6",
05/20/26 17:05:12.023,"0","1002","25.1","59.6","1001","64","22.7",
05/20/26 17:05:27.780,"0","1002","25.1","59.7","1001","64","22.7",
05/20/26 17:05:43.872,"0","1002","25.1","59.8","1001","64","22.7",
05/20/26 17:06:00.339,"0","1002","25.1","60.1","1002","64","22.7",
05/20/26 17:06:16.981,"0","1002","25.1","60.1","1001","64","22.7",
05/20/26 17:06:33.718,"0","1002","25.1","59.9","1002","64","22.7",
05/20/26 17:06:49.050,"0","1002","25.1","59.8","1001","64","22.7",
05/20/26 17:07:03.943,"0","1002","25.2","60","1001","64","22.7",
05/20/26 17:07:18.908,"0","1002","25.2","60.2","1001","65","22.7",
05/20/26 17:07:33.918,"0","1002","25.2","60.2","1001","65","22.7",
05/20/26 17:07:49.053,"0","1002","25.2","60.2","1001","65","22.7",
05/20/26 17:08:04.098,"0","1002","25.2","60.4","1002","65","22.7",
05/20/26 17:08:19.147,"0","1002","25.2","60.2","1001","65","22.7",
05/20/26 17:08:34.332,"0","1002","25.2","60.3","1001","65","22.7",
05/20/26 17:08:49.580,"0","1002","25.2","60.5","1001","65","22.7",
05/20/26 17:09:04.748,"0","1002","25.2","60.5","1001","65","22.8",
05/20/26 17:09:19.858,"0","1002","25.2","60.6","1001","65","22.8",
05/20/26 17:09:35.190,"0","1002","25.2","60.6","1001","65","22.8",
05/20/26 17:09:50.652,"0","1002","25.2","60.4","1001","65","22.8",
05/20/26 17:10:06.015,"0","1002","25.2","60.6","1001","65","22.8",
05/20/26 17:10:21.347,"0","1002","25.2","60.6","1001","65","22.8",
05/20/26 17:10:36.860,"0","1002","25.2","60.6","1001","65","22.8",
05/20/26 17:10:52.380,"0","1002","25.2","60.8","1001","65","22.8",
05/20/26 17:11:07.968,"0","1002","25.3","60.8","1001","65","22.8",
05/20/26 17:11:23.349,"0","1002","25.3","60.9","1001","65","22.8",
05/20/26 17:11:38.985,"0","1002","25.3","60.9","1001","65","22.8",
05/20/26 17:11:54.507,"0","1002","25.3","61","1001","65","22.8",
05/20/26 17:12:10.177,"0","1002","25.3","61.1","1001","66","22.8",
05/20/26 17:12:25.799,"0","1002","25.2","61.4","1001","66","22.8",
05/20/26 17:12:41.345,"0","1002","25.2","61.6","1001","66","22.8",
05/20/26 17:12:56.992,"0","1002","25.3","61.4","1001","66","22.8",
05/20/26 17:13:12.698,"0","1002","25.3","61.6","1001","66","22.8",
05/20/26 17:13:28.301,"0","1002","25.3","61.6","1001","66","22.8",
05/20/26 17:13:44.086,"0","1002","25.3","61.7","1001","66","22.8",
05/20/26 17:13:59.781,"0","1002","25.3","61.9","1001","66","22.8",
05/20/26 17:14:15.500,"0","1002","25.3","61.9","1001","66","22.8",
05/20/26 17:14:31.305,"0","1002","25.3","61.9","1001","66","22.8",
05/20/26 17:14:47.104,"0","1002","25.3","62","1001","66","22.8",
05/20/26 17:15:03.398,"0","1002","25.3","62","1001","66","22.8",
05/20/26 17:15:21.167,"0","1002","25.3","62.2","1001","67","22.9",
05/20/26 17:15:38.985,"0","1002","25.3","62.3","1001","67","22.9",
05/20/26 17:15:56.740,"500","1002","25.4","62.3","1001","67","22.9",
05/20/26 17:16:14.508,"2300","1002","25.4","62.4","1001","67","22.9",
05/20/26 17:16:32.346,"4800","1002","25.4","62.4","1001","67","22.9",
05/20/26 17:16:50.165,"7000","1002","25.4","62.5","1001","67","22.9",
05/20/26 17:17:08.179,"8600","1002","25.4","62.6","1001","67","22.9",
05/20/26 17:17:26.129,"10100","1002","25.4","62.8","1001","67","22.9",
05/20/26 17:17:44.008,"11700","1002","25.4","62.9","1001","67","22.9",
05/20/26 17:18:01.994,"13000","1002","25.4","62.9","1001","67","22.9",
05/20/26 17:18:20.054,"14300","1002","25.4","63.2","1001","68","22.9",
05/20/26 17:18:38.174,"15600","1002","25.4","63.3","1001","68","22.9",
05/20/26 17:18:56.194,"16800","1002","25.4","63.4","1001","68","22.9",
05/20/26 17:19:14.371,"17800","1002","25.4","63.5","1001","68","23",
05/20/26 17:19:32.649,"18800","1002","25.5","63.6","1001","68","22.9",
05/20/26 17:19:50.786,"19700","1002","25.5","63.7","1001","68","22.9",
05/20/26 17:20:09.005,"20600","1002","25.5","63.8","1001","68","23",
05/20/26 17:20:25.783,"21200","1002","25.5","64.2","1001","69","23",
05/20/26 17:20:42.171,"21900","1002","25.5","64.2","1001","69","23",
05/20/26 17:20:58.462,"22400","1002","25.5","64.2","1001","69","23",
05/20/26 17:21:15.279,"23300","1002","25.5","64.4","1001","69","23",
05/20/26 17:21:33.583,"24000","1002","25.5","64.4","1001","69","23",
05/20/26 17:21:52.003,"24900","1002","25.5","64.5","1001","69","23",
05/20/26 17:22:10.419,"25300","1002","25.5","64.5","1001","69","23",
05/20/26 17:22:28.910,"25800","1002","25.5","64.6","1001","69","23",
05/20/26 17:22:47.287,"26200","1002","25.6","64.7","1001","69","23",
05/20/26 17:23:05.749,"26800","1002","25.6","64.9","1001","70","23",
05/20/26 17:23:24.225,"27200","1002","25.6","64.9","1001","70","23",
05/20/26 17:23:42.756,"27500","1002","25.6","65","1001","70","23",
05/20/26 17:24:01.386,"28100","1002","25.6","65.2","1001","70","23",
05/20/26 17:24:20.171,"28700","1002","25.6","65.2","1001","70","23",
05/20/26 17:24:38.925,"29000","1002","25.6","65.4","1001","70","23.1",
05/20/26 17:24:57.662,"29300","1002","25.6","65.4","1001","70","23.1",
05/20/26 17:25:15.769,"30000","1002","25.6","65.7","1001","71","23.1",
05/20/26 17:25:32.546,"30200","1002","25.7","65.7","1001","71","23.1",
05/20/26 17:25:49.240,"30500","1002","25.7","65.8","1001","71","23.1",
05/20/26 17:26:06.038,"31100","1002","25.7","65.9","1001","71","23.1",
05/20/26 17:26:22.973,"31300","1002","25.7","66","1001","71","23.1",
05/20/26 17:26:39.973,"31700","1002","25.7","66.1","1001","71","23.1",
05/20/26 17:26:56.960,"31500","1002","25.7","66.2","1001","71","23.1",
05/20/26 17:27:13.988,"32300","1002","25.7","66.4","1001","71","23.1",
05/20/26 17:27:31.149,"32300","1002","25.7","66.5","1001","71","23.1",
05/20/26 17:27:48.210,"32800","1002","25.7","66.5","1001","71","23.1",
05/20/26 17:28:05.457,"32900","1002","25.7","66.6","1001","72","23.1",
05/20/26 17:28:22.680,"33100","1002","25.7","66.7","1001","72","23.1",
05/20/26 17:28:39.800,"33500","1002","25.7","66.8","1001","72","23.1",
05/20/26 17:28:57.021,"33500","1002","25.7","66.9","1001","72","23.1",
05/20/26 17:29:14.282,"33700","1002","25.7","66.9","1001","72","23.2",
05/20/26 17:29:31.623,"33900","1002","25.8","66.8","1001","72","23.2",
05/20/26 17:29:49.017,"34200","1002","25.8","66.9","1001","72","23.2",
05/20/26 17:30:06.348,"34500","1002","25.8","67","1001","72","23.2",
05/20/26 17:30:23.775,"34600","1002","25.8","67","1001","72","23.2",
05/20/26 17:30:41.158,"34700","1002","25.8","67.1","1001","72","23.2",
05/20/26 17:30:58.627,"35100","1002","25.8","67.1","1001","72","23.2",
05/20/26 17:31:16.111,"35200","1002","25.8","67.2","1001","73","23.2",
05/20/26 17:31:33.714,"35200","1002","25.8","67.2","1001","73","23.2",
05/20/26 17:31:51.365,"35400","1002","25.8","67.3","1001","73","23.2",
05/20/26 17:32:08.952,"35500","1002","25.8","67.3","1001","73","23.2",
05/20/26 17:32:26.653,"35900","1002","25.8","67.4","1001","73","23.2",
05/20/26 17:32:44.518,"36200","1002","25.8","67.5","1001","73","23.2",
05/20/26 17:33:02.256,"36300","1002","25.8","67.8","1001","73","23.2",
05/20/26 17:33:20.058,"36700","1002","25.8","67.7","1001","73","23.2",
05/20/26 17:33:37.959,"36600","1002","25.8","67.8","1001","73","23.2",
05/20/26 17:33:55.898,"37000","1002","25.8","67.7","1001","73","23.2",
05/20/26 17:34:13.799,"37000","1002","25.8","67.8","1001","73","23.2",
05/20/26 17:34:31.727,"37300","1002","25.8","67.8","1001","73","23.2",
05/20/26 17:34:49.802,"37000","1002","25.9","67.5","1001","73","23.2",
05/20/26 17:35:07.759,"37300","1002","25.9","67.6","1001","73","23.2",
05/20/26 17:35:25.749,"37900","1002","25.9","67.7","1001","73","23.2",
05/20/26 17:35:43.841,"37900","1002","25.9","67.7","1001","73","23.2",
05/20/26 17:36:01.872,"37900","1002","25.9","67.7","1001","73","23.3",
05/20/26 17:36:20.260,"37900","1002","25.9","67.8","1001","73","23.3",
05/20/26 17:36:38.534,"38200","1002","25.9","67.8","1001","73","23.3",
05/20/26 17:36:56.818,"38000","1002","25.9","67.8","1001","73","23.3",
05/20/26 17:37:14.978,"38100","1002","25.9","67.7","1001","73","23.3",
05/20/26 17:37:33.187,"38100","1002","25.9","67.7","1001","73","23.3",
05/20/26 17:37:51.308,"38400","1002","25.9","67.7","1001","73","23.3",
05/20/26 17:38:09.643,"38300","1002","25.9","67.6","1001","73","23.3",
05/20/26 17:38:28.001,"38400","1002","25.9","67.6","1001","73","23.3",
05/20/26 17:38:46.241,"38800","1002","26","67.6","1001","73","23.3",
05/20/26 17:39:04.473,"39000","1002","26","67.5","1001","73","23.3",
05/20/26 17:39:22.726,"39200","1002","26","67.5","1001","73","23.3",
05/20/26 17:39:41.179,"39300","1002","26","67.5","1001","73","23.3",
05/20/26 17:39:59.679,"39000","1002","26","67.5","1001","73","23.3",
05/20/26 17:40:18.315,"39400","1002","26","67.3","1001","73","23.3",
05/20/26 17:40:36.852,"39000","1002","26","67.4","1001","73","23.3",
05/20/26 17:40:55.396,"39300","1002","26","67.4","1001","73","23.3",
05/20/26 17:41:14.029,"39600","1002","26","67.4","1001","73","23.3",
05/20/26 17:41:32.740,"39600","1002","26","67.2","1001","73","23.3",
05/20/26 17:41:51.529,"39600","1002","26","67.2","1001","73","23.3",
05/20/26 17:42:10.244,"39600","1002","26","67.2","1001","73","23.3",
05/20/26 17:42:29.022,"40100","1002","26","67.3","1001","73","23.3",
05/20/26 17:42:47.807,"39800","1002","26","67.2","1001","73","23.3",
05/20/26 17:43:06.615,"40100","1002","26","67.2","1001","73","23.4",
05/20/26 17:43:25.393,"40100","1002","26","67.2","1001","73","23.4",
05/20/26 17:43:44.251,"40400","1002","26","67.1","1001","73","23.4",
05/20/26 17:44:03.114,"40400","1002","26","67.1","1001","73","23.4",
05/20/26 17:44:22.099,"40800","1002","26","67.1","1001","73","23.4",
05/20/26 17:44:41.134,"40900","1002","26","67","1001","73","23.4",
05/20/26 17:45:00.244,"40500","1002","26.1","66.8","1001","73","23.4",
05/20/26 17:45:19.445,"40800","1002","26.1","66.7","1001","73","23.4",
05/20/26 17:45:38.582,"40900","1002","26.1","66.6","1001","73","23.4",
05/20/26 17:45:57.736,"40700","1002","26.1","66.7","1001","73","23.4",
05/20/26 17:46:16.938,"40900","1002","26.1","66.6","1001","73","23.4",
05/20/26 17:46:36.240,"41100","1002","26.1","66.6","1001","73","23.4",
05/20/26 17:46:55.456,"40800","1002","26.1","66.6","1001","73","23.4",
05/20/26 17:47:14.794,"41100","1002","26.1","66.5","1001","73","23.4",
05/20/26 17:47:33.961,"41300","1002","26.1","66.5","1001","73","23.4",
05/20/26 17:47:53.335,"41100","1002","26.1","66.5","1001","73","23.4",
05/20/26 17:48:12.745,"41300","1002","26.1","66.4","1001","72","23.4",
05/20/26 17:48:32.162,"41300","1002","26.1","66.4","1001","72","23.4",
05/20/26 17:48:51.582,"41500","1002","26.1","66.3","1001","72","23.4",
05/20/26 17:49:10.956,"41800","1002","26.1","66.1","1001","72","23.4",
05/20/26 17:49:30.397,"41600","1002","26.1","66.1","1001","72","23.4",
05/20/26 17:49:50.040,"41900","1002","26.1","66.1","1001","72","23.4",
05/20/26 17:50:09.466,"41500","1002","26.1","65.9","1001","72","23.4",
05/20/26 17:50:29.078,"41900","1002","26.1","66","1001","72","23.4",
05/20/26 17:50:48.688,"41900","1002","26.1","65.9","1001","72","23.5",
05/20/26 17:51:08.403,"42100","1002","26.1","65.9","1001","72","23.5",
05/20/26 17:51:28.158,"41900","1002","26.1","65.8","1001","72","23.5",
05/20/26 17:51:47.947,"42000","1002","26.1","65.8","1001","72","23.5",
05/20/26 17:52:07.746,"42200","1002","26.1","65.7","1001","72","23.5",
05/20/26 17:52:27.473,"42100","1002","26.1","65.6","1001","72","23.5",
05/20/26 17:52:47.256,"42000","1002","26.1","65.6","1001","72","23.5",
05/20/26 17:53:07.053,"42300","1002","26.1","65.5","1001","71","23.5",
05/20/26 17:53:26.897,"42100","1002","26.1","65.4","1001","71","23.5",
05/20/26 17:53:46.742,"42300","1002","26.1","65.4","1001","71","23.5",
05/20/26 17:54:06.664,"42600","1002","26.1","65.3","1001","71","23.5",
05/20/26 17:54:26.707,"42900","1002","26.1","65.3","1001","71","23.5",
05/20/26 17:54:46.899,"42400","1002","26.1","65.2","1001","71","23.5",
05/20/26 17:55:07.158,"42800","1002","26.1","65.1","1002","71","23.5",
05/20/26 17:55:27.325,"42400","1002","26.1","65.1","1001","71","23.5",
05/20/26 17:55:47.501,"42800","1002","26.1","65","1001","71","23.5",
05/20/26 17:56:07.712,"42500","1002","26.1","65","1001","71","23.5",
05/20/26 17:56:27.962,"42700","1002","26.1","64.9","1001","71","23.5",
05/20/26 17:56:48.242,"42800","1002","26.1","64.8","1001","71","23.5",
05/20/26 17:57:08.435,"42900","1002","26.1","64.7","1001","71","23.5",
05/20/26 17:57:28.740,"43000","1002","26.1","64.7","1001","71","23.5",
05/20/26 17:57:49.128,"43000","1002","26.1","64.6","1001","70","23.5",
05/20/26 17:58:09.650,"43200","1002","26.1","64.5","1001","70","23.5",
05/20/26 17:58:30.035,"43000","1002","26.1","64.5","1001","70","23.5",
05/20/26 17:58:50.439,"43000","1002","26.1","64.5","1001","70","23.5",
05/20/26 17:59:10.883,"43000","1002","26.1","64.5","1001","70","23.5",
05/20/26 17:59:31.463,"43200","1002","26.1","64.4","1002","70","23.5",
05/20/26 17:59:52.100,"43300","1002","26.1","64.4","1002","70","23.5",
05/20/26 18:00:12.722,"43200","1002","26.1","64.3","1002","70","23.5",
05/20/26 18:00:33.347,"43700","1002","26.1","64.3","1001","70","23.5",
05/20/26 18:00:53.950,"43500","1002","26.1","64.3","1002","70","23.5",
05/20/26 18:01:14.799,"43800","1002","26.1","64.2","1001","70","23.5",
05/20/26 18:01:35.619,"43300","1002","26.1","64.2","1002","70","23.5",
05/20/26 18:01:56.421,"43600","1002","26.1","64.1","1002","70","23.5",
05/20/26 18:02:17.281,"43500","1002","26.1","64.1","1002","70","23.5",
05/20/26 18:02:38.206,"43800","1002","26.1","64","1002","70","23.5",
05/20/26 18:02:59.172,"43800","1002","26.1","64","1002","70","23.5",
05/20/26 18:03:20.034,"44000","1002","26","64","1002","70","23.5",
05/20/26 18:03:41.084,"43800","1002","26.1","64","1002","70","23.5",
05/20/26 18:04:02.130,"43800","1002","26.1","64","1002","70","23.5",
05/20/26 18:04:23.239,"44200","1002","26.1","64","1002","70","23.5",
05/20/26 18:04:44.398,"43900","1003","26","63.9","1002","69","23.5",
05/20/26 18:05:05.584,"44100","1002","26","63.9","1002","69","23.5",
05/20/26 18:05:26.877,"43800","1003","26","63.9","1002","69","23.5",
05/20/26 18:05:48.207,"43900","1003","26","63.9","1002","69","23.5",
05/20/26 18:06:09.507,"44300","1003","26","63.9","1002","69","23.5",
05/20/26 18:06:30.829,"44300","1003","26","63.8","1002","69","23.5",
05/20/26 18:06:52.127,"44400","1003","26","63.8","1002","69","23.5",
05/20/26 18:07:13.530,"44500","1003","26","63.8","1002","69","23.5",
05/20/26 18:07:35.149,"44200","1002","26","63.8","1002","69","23.5",
05/20/26 18:07:56.715,"44100","1003","26","63.8","1002","69","23.5",
05/20/26 18:08:18.269,"44400","1002","26","63.7","1002","69","23.5",
05/20/26 18:08:39.819,"44300","1003","26","63.7","1002","69","23.5",
05/20/26 18:09:01.340,"44500","1002","26","63.7","1002","69","23.5",
05/20/26 18:09:22.895,"44300","1002","26","63.7","1002","69","23.4",
05/20/26 18:09:44.430,"44500","1002","26","63.7","1002","69","23.4",
05/20/26 18:10:06.036,"44600","1002","26","63.7","1002","69","23.4",
05/20/26 18:10:27.710,"44600","1002","26","63.7","1001","69","23.4",
05/20/26 18:10:49.352,"44100","1002","26","63.6","1001","69","23.4",
05/20/26 18:11:11.016,"44400","1002","26","63.7","1002","69","23.4",
05/20/26 18:11:32.756,"44200","1002","26","63.7","1002","69","23.4",
05/20/26 18:11:54.346,"44500","1002","26","63.7","1002","69","23.4",
05/20/26 18:12:15.996,"44600","1002","25.9","63.7","1002","69","23.4",
05/20/26 18:12:37.715,"44800","1002","26","63.7","1002","69","23.4",
05/20/26 18:12:59.539,"44600","1002","26","63.6","1002","69","23.4",
05/20/26 18:13:21.466,"44500","1002","26","63.6","1002","69","23.4",
05/20/26 18:13:43.433,"44800","1002","26","63.6","1002","69","23.4",
05/20/26 18:14:05.441,"44900","1002","26","63.6","1002","69","23.4",
05/20/26 18:14:27.474,"45100","1002","26","63.6","1002","69","23.4",
05/20/26 18:14:49.611,"45000","1002","26","63.6","1002","69","23.4",
05/20/26 18:15:11.726,"44900","1002","26","63.6","1002","69","23.4",
05/20/26 18:15:33.994,"45000","1002","25.9","63.6","1002","69","23.4",
05/20/26 18:15:56.234,"45000","1002","26","63.6","1002","69","23.4",
05/20/26 18:16:18.486,"44800","1002","26","63.5","1002","69","23.4",
05/20/26 18:16:40.820,"45000","1002","26","63.5","1002","69","23.4",
05/20/26 18:17:03.211,"45200","1002","26","63.5","1002","69","23.4",
05/20/26 18:17:25.569,"44800","1002","26","63.5","1002","69","23.4",
05/20/26 18:17:48.117,"45000","1002","25.9","63.5","1002","69","23.4",
05/20/26 18:18:10.569,"45000","1002","25.9","63.5","1002","69","23.4",
05/20/26 18:18:33.175,"44900","1002","25.9","63.5","1002","69","23.4",
05/20/26 18:18:55.650,"45000","1002","26","63.5","1001","69","23.4",
05/20/26 18:19:18.227,"44800","1002","26","63.5","1001","69","23.4",
05/20/26 18:19:40.771,"45500","1002","26","63.4","1002","69","23.4",
05/20/26 18:20:03.205,"45300","1002","25.9","63.5","1001","69","23.4",
05/20/26 18:20:25.873,"45500","1002","25.9","63.5","1001","69","23.4",
05/20/26 18:20:48.598,"45500","1002","25.9","63.5","1001","69","23.4",
05/20/26 18:21:11.340,"45300","1002","25.9","63.5","1001","69","23.4",
05/20/26 18:21:34.097,"45500","1002","26","63.4","1001","69","23.4",
05/20/26 18:21:57.003,"45400","1002","25.9","63.5","1001","69","23.4",
05/20/26 18:22:19.848,"45200","1002","26","63.4","1001","69","23.4",
05/20/26 18:22:42.878,"45400","1002","25.9","63.4","1001","69","23.4",
05/20/26 18:23:05.957,"45500","1002","25.9","63.5","1001","69","23.4",
05/20/26 18:23:28.986,"45700","1002","26","63.4","1001","69","23.4",
05/20/26 18:23:52.141,"45700","1002","25.9","63.5","1001","69","23.4",
05/20/26 18:24:15.358,"45500","1002","25.9","63.4","1001","69","23.4",
05/20/26 18:24:38.704,"45800","1002","26","63.4","1001","69","23.4",
05/20/26 18:25:01.875,"45400","1002","26","63.4","1001","69","23.4",
05/20/26 18:25:25.087,"45700","1002","26","63.4","1001","69","23.4",
05/20/26 18:25:48.345,"45500","1002","26","63.4","1001","69","23.4",
05/20/26 18:26:11.552,"45800","1002","26","63.4","1001","69","23.4",
05/20/26 18:26:34.864,"45400","1002","26","63.4","1001","69","23.4",
05/20/26 18:26:58.227,"45500","1002","26","63.4","1001","69","23.4",
05/20/26 18:27:21.625,"45800","1002","26","63.4","1002","69","23.4",
05/20/26 18:27:45.019,"46100","1002","26","63.4","1001","69","23.4",
05/20/26 18:28:08.448,"45900","1002","26","63.4","1002","69","23.4",
05/20/26 18:28:32.054,"45800","1002","25.9","63.4","1002","69","23.4",
05/20/26 18:28:55.573,"45800","1002","26","63.4","1002","69","23.4",
05/20/26 18:29:19.203,"45300","1002","25.9","63.4","1002","69","23.4",
05/20/26 18:29:43.071,"45700","1002","25.9","63.5","1002","69","23.4",
05/20/26 18:30:06.862,"45800","1002","25.9","63.5","1002","69","23.4",
05/20/26 18:30:30.643,"45800","1002","25.9","63.6","1002","69","23.4",
05/20/26 18:30:54.425,"45600","1002","25.9","63.6","1002","69","23.4",
05/20/26 18:31:18.186,"45500","1002","25.9","63.6","1002","69","23.4",
05/20/26 18:31:42.123,"45900","1002","25.9","63.5","1002","69","23.4",
05/20/26 18:32:06.029,"45900","1002","25.9","63.5","1002","69","23.4",
05/20/26 18:32:30.117,"45900","1003","25.9","63.5","1002","69","23.4",
05/20/26 18:32:54.301,"46100","1003","25.9","63.5","1002","69","23.4",
05/20/26 18:33:18.427,"45900","1003","25.9","63.5","1002","69","23.4",
05/20/26 18:33:42.576,"46100","1003","25.9","63.6","1002","69","23.4",
05/20/26 18:34:06.739,"46200","1003","25.9","63.6","1002","69","23.4",
05/20/26 18:34:30.926,"46300","1003","25.9","63.6","1002","69","23.4",
05/20/26 18:34:55.247,"46300","1003","25.9","63.6","1002","69","23.4",
05/20/26 18:35:19.472,"46400","1003","25.9","63.6","1002","69","23.4",
05/20/26 18:35:43.782,"45900","1002","25.9","63.6","1002","69","23.4",
05/20/26 18:36:08.166,"46100","1003","25.9","63.6","1002","69","23.4",
05/20/26 18:36:32.617,"46500","1003","25.9","63.6","1002","69","23.4",
05/20/26 18:36:57.032,"46300","1003","25.9","63.5","1002","69","23.4",
05/20/26 18:37:21.475,"46300","1003","25.9","63.6","1002","69","23.4",
05/20/26 18:37:45.982,"46100","1003","25.9","63.6","1002","69","23.4",
05/20/26 18:38:10.657,"46000","1003","25.9","63.6","1002","69","23.4",
05/20/26 18:38:35.320,"46100","1003","25.9","63.6","1002","69","23.4",
05/20/26 18:39:00.037,"45900","1003","25.9","63.5","1002","69","23.4",
05/20/26 18:39:24.888,"46300","1003","25.9","63.6","1002","69","23.4",
05/20/26 18:39:49.772,"46300","1003","25.9","63.6","1002","69","23.4",
05/20/26 18:40:14.540,"46300","1003","25.9","63.6","1002","69","23.4",
05/20/26 18:40:39.383,"46300","1003","25.9","63.7","1002","69","23.4",
05/20/26 18:41:04.189,"46300","1003","25.9","63.7","1002","69","23.4",
05/20/26 18:41:29.069,"46300","1003","25.9","63.7","1002","69","23.4",
05/20/26 18:41:54.001,"46300","1003","25.9","63.7","1002","69","23.4",
05/20/26 18:42:18.928,"46300","1003","25.9","63.7","1002","69","23.4",
05/20/26 18:42:44.026,"46100","1003","25.9","63.7","1002","69","23.4",
05/20/26 18:43:09.128,"46000","1003","25.9","63.7","1002","69","23.4",
05/20/26 18:43:34.412,"46600","1003","25.9","63.7","1002","69","23.4",
05/20/26 18:43:59.627,"46800","1003","25.9","63.6","1002","69","23.4",
05/20/26 18:44:24.904,"46200","1003","25.9","63.7","1002","69","23.4",
05/20/26 18:44:50.407,"46700","1003","25.9","63.8","1002","69","23.4",
05/20/26 18:45:15.844,"47000","1003","25.9","63.8","1002","69","23.4",
05/20/26 18:45:41.240,"46600","1003","25.9","63.8","1002","69","23.4",
05/20/26 18:46:06.874,"46800","1003","25.9","63.9","1002","69","23.4",
05/20/26 18:46:32.398,"46700","1003","25.9","63.8","1002","69","23.4",
05/20/26 18:46:58.139,"46800","1003","25.9","63.8","1002","69","23.4",
05/20/26 18:47:23.807,"46500","1003","25.9","63.8","1002","69","23.4",
05/20/26 18:47:49.427,"46800","1003","25.9","63.8","1002","69","23.4",
05/20/26 18:48:15.192,"46700","1003","25.9","63.8","1002","69","23.4",
05/20/26 18:48:40.949,"46600","1003","25.9","63.8","1002","69","23.4",
05/20/26 18:49:06.753,"46900","1003","25.9","63.8","1002","69","23.4",
05/20/26 18:49:32.610,"46400","1003","25.9","63.8","1002","69","23.4",
05/20/26 18:49:58.497,"46800","1003","25.9","63.8","1002","69","23.4",
05/20/26 18:50:24.394,"46800","1003","25.9","63.8","1002","69","23.4",
05/20/26 18:50:50.442,"46700","1003","25.9","63.8","1002","69","23.4",
05/20/26 18:51:16.402,"47100","1003","25.9","63.8","1002","69","23.4",
05/20/26 18:51:42.343,"46500","1003","25.9","63.9","1002","69","23.4",
05/20/26 18:52:08.336,"47000","1003","25.9","63.9","1002","69","23.4",
05/20/26 18:52:34.439,"46700","1003","26","63.8","1002","69","23.4",
05/20/26 18:53:00.623,"46600","1003","26","63.8","1002","69","23.4",
05/20/26 18:53:26.903,"46700","1003","25.9","63.9","1002","69","23.4",
05/20/26 18:53:53.058,"46700","1003","25.9","63.9","1002","69","23.4",
05/20/26 18:54:19.326,"46700","1003","26","63.9","1002","69","23.4",
05/20/26 18:54:45.631,"46700","1003","25.9","63.9","1002","69","23.4",
05/20/26 18:55:11.948,"46900","1003","26","63.9","1002","69","23.4",
05/20/26 18:55:38.275,"47000","1003","25.9","63.9","1002","69","23.4",
05/20/26 18:56:04.777,"46300","1003","25.9","64","1002","69","23.4",
05/20/26 18:56:31.332,"47200","1003","26","63.9","1002","69","23.4",
05/20/26 18:56:57.847,"46900","1003","26","63.9","1002","69","23.4",
05/20/26 18:57:24.428,"47100","1003","26","63.9","1002","69","23.4",
05/20/26 18:57:51.095,"47000","1003","25.9","64","1002","69","23.4",
05/20/26 18:58:17.822,"47100","1003","25.9","64","1002","69","23.4",
05/20/26 18:58:44.517,"46700","1003","25.9","64.1","1002","69","23.4",
05/20/26 18:59:11.274,"46800","1003","25.9","64.1","1002","69","23.4",
05/20/26 18:59:38.018,"46900","1003","25.9","64.1","1002","69","23.4",
05/20/26 19:00:04.720,"47200","1003","25.9","64.1","1002","69","23.4",
05/20/26 19:00:31.715,"47200","1003","26","64.1","1002","69","23.4",
05/20/26 19:00:58.632,"47000","1003","26","64","1002","69","23.4",
05/20/26 19:01:25.528,"47100","1003","26","64","1002","69","23.4",
05/20/26 19:01:52.572,"47000","1003","26","63.9","1002","69","23.4",
05/20/26 19:02:19.708,"46800","1003","26","64","1002","69","23.4",
05/20/26 19:02:46.755,"46900","1003","26","64","1002","69","23.4",
05/20/26 19:03:13.747,"47100","1003","26","64.1","1002","69","23.4",
05/20/26 19:03:40.893,"47200","1003","26","64","1002","69","23.4",
05/20/26 19:04:08.114,"47200","1003","26","64","1002","69","23.4",
05/20/26 19:04:35.318,"46800","1003","26","64","1002","69","23.4",
05/20/26 19:05:02.539,"46900","1003","26","64","1002","69","23.4",
05/20/26 19:05:29.795,"47500","1003","26","64","1002","69","23.4",
05/20/26 19:05:57.097,"47200","1003","26","64.1","1002","69","23.4",
05/20/26 19:06:24.448,"47200","1003","26","64.1","1002","69","23.4",
05/20/26 19:06:51.825,"47300","1003","26","64","1002","69","23.4",
05/20/26 19:07:19.193,"47500","1003","26","63.9","1002","69","23.4",
05/20/26 19:07:46.807,"47400","1003","26","63.9","1002","69","23.4",
05/20/26 19:08:14.332,"47300","1003","26","63.9","1002","69","23.4",
05/20/26 19:08:41.989,"46900","1003","26","63.9","1002","69","23.4",
05/20/26 19:09:10.033,"47600","1003","26","63.9","1002","69","23.4",
05/20/26 19:09:37.369,"47300","1003","26","63.9","1002","69","23.4",
05/20/26 19:10:04.742,"47100","1003","26","64","1002","69","23.4",
05/20/26 19:10:32.335,"47200","1003","26","64.1","1002","69","23.4",
05/20/26 19:10:59.929,"47300","1003","26","64","1002","69","23.4",
05/20/26 19:11:27.580,"47700","1003","26","64","1002","69","23.4",
05/20/26 19:11:55.562,"47300","1003","26","64","1002","69","23.4",
05/20/26 19:12:23.435,"47400","1003","26","63.9","1002","69","23.4",
05/20/26 19:12:51.313,"47200","1003","26","63.9","1002","69","23.4",
05/20/26 19:13:19.217,"47100","1003","26","63.8","1002","69","23.4",
05/20/26 19:13:47.371,"47000","1003","26.1","63.8","1002","69","23.5",
05/20/26 19:14:15.426,"47200","1003","26.1","63.8","1002","69","23.5",
05/20/26 19:14:43.660,"47400","1003","26.1","63.8","1002","69","23.5",
05/20/26 19:15:11.834,"47100","1003","26.1","63.8","1002","69","23.5",
05/20/26 19:15:40.072,"47300","1003","26.1","63.8","1002","69","23.5",
05/20/26 19:16:08.309,"47300","1003","26.1","63.7","1002","69","23.5",
05/20/26 19:16:36.550,"47600","1003","26.1","63.7","1002","69","23.5",
05/20/26 19:17:04.814,"47300","1003","26.1","63.8","1002","69","23.5",
05/20/26 19:17:33.199,"47200","1003","26.1","63.7","1002","69","23.5",
05/20/26 19:18:01.616,"46800","1003","26.1","63.7","1002","69","23.5",
05/20/26 19:18:29.975,"47400","1003","26.1","63.7","1002","69","23.5",
05/20/26 19:18:58.366,"47100","1003","26.1","63.7","1002","69","23.5",
05/20/26 19:19:26.757,"47500","1003","26.1","63.7","1002","69","23.5",
05/20/26 19:19:55.285,"47700","1003","26.1","63.7","1002","69","23.5",
05/20/26 19:20:23.936,"47300","1003","26.1","63.7","1002","69","23.5",
05/20/26 19:20:52.641,"47200","1003","26.1","63.7","1002","69","23.5",
05/20/26 19:21:21.276,"47300","1003","26.1","63.7","1002","69","23.5",
05/20/26 19:21:49.995,"47200","1003","26.1","63.7","1002","69","23.5",
05/20/26 19:22:18.815,"47500","1003","26.1","63.7","1002","69","23.5",
05/20/26 19:22:47.456,"47600","1003","26.1","63.7","1002","69","23.5",
05/20/26 19:23:16.357,"47700","1003","26.1","63.7","1002","69","23.5",
05/20/26 19:23:45.210,"47700","1003","26.1","63.7","1002","69","23.5",
05/20/26 19:24:14.023,"47300","1003","26.1","63.8","1002","69","23.5",
05/20/26 19:24:42.920,"47200","1003","26.1","63.8","1002","69","23.5",
05/20/26 19:25:11.900,"47500","1003","26.1","63.8","1002","69","23.5",
05/20/26 19:25:40.945,"47600","1003","26.1","63.7","1002","69","23.5",
05/20/26 19:26:09.931,"47700","1003","26.1","63.8","1002","69","23.5",
05/20/26 19:26:39.020,"47700","1003","26.1","63.8","1002","69","23.5",
05/20/26 19:27:08.224,"47100","1003","26.1","63.8","1002","69","23.5",
05/20/26 19:27:37.291,"47500","1003","26.1","63.9","1002","69","23.5",
05/20/26 19:28:06.395,"47400","1003","26.1","63.8","1002","69","23.5",
05/20/26 19:28:35.629,"47300","1003","26.1","63.8","1002","69","23.5",
05/20/26 19:29:04.862,"47700","1003","26.1","63.8","1002","69","23.5",
05/20/26 19:29:34.156,"47600","1003","26.1","63.8","1002","69","23.5",
05/20/26 19:30:03.484,"47500","1003","26.1","63.8","1002","69","23.5",
05/20/26 19:30:32.912,"47300","1003","26.1","63.7","1002","69","23.5",
05/20/26 19:31:02.330,"47200","1003","26.1","63.7","1002","69","23.5",
05/20/26 19:31:31.682,"47700","1003","26.2","63.7","1002","69","23.5",
05/20/26 19:32:01.104,"47700","1003","26.1","63.7","1002","69","23.5",
05/20/26 19:32:30.626,"47600","1003","26.2","63.7","1002","69","23.5",
05/20/26 19:33:00.180,"47800","1003","26.2","63.6","1002","69","23.5",
05/20/26 19:33:29.647,"47700","1003","26.2","63.7","1002","69","23.5",
05/20/26 19:33:59.226,"47800","1003","26.2","63.7","1002","69","23.5",
05/20/26 19:34:28.899,"47800","1003","26.2","63.7","1002","69","23.5",
05/20/26 19:34:58.443,"47800","1003","26.2","63.7","1002","69","23.6",
05/20/26 19:35:28.179,"47600","1003","26.1","63.7","1002","69","23.5",
05/20/26 19:35:57.980,"47600","1003","26.1","63.9","1002","69","23.5",
05/20/26 19:36:27.798,"47900","1003","26.1","64","1002","69","23.5",
